PassengerId,Survived,Pclass,Name,Sex,Age,SibSp,Parch,Ticket,Fare,Embarked,FamilySize,IsAlone,AgeGroup_Child,AgeGroup_Senior,AgeGroup_Teenager,AgeGroup_YoungAdult,FareBand_Low,FareBand_Medium,FareBand_VeryHigh,FamilyType_Small,FamilyType_Solo
1,0,3.0,Mr. James Brown,male,32.5,1.0,0.0,583624,12.0356,S,2.0,0,False,False,False,True,False,True,False,True,False
2,1,3.0,Mr. Charles Wilson,male,27.6,0.0,0.0,26905,4.6168,S,1.0,1,False,False,False,True,True,False,False,False,True
3,1,2.0,Miss. Susan Jackson,female,17.0,0.0,0.0,40273,10.5803,S,1.0,1,False,False,True,False,False,True,False,False,True
4,0,3.0,Miss. Linda Anderson,female,9.2,0.0,0.0,135191,3.1917,S,1.0,1,True,False,False,False,True,False,False,False,True
5,0,1.0,Mr. George Moore,male,4.4,0.0,0.0,388080,69.16345,C,1.0,1,True,False,False,False,False,False,True,False,True
6,0,2.0,Mr. James Brown,male,31.4,1.0,0.0,167306,2.7998,S,2.0,0,False,False,False,True,True,False,False,True,False
7,0,3.0,Mr. John Smith,male,7.6,0.0,0.0,219957,6.0444,S,1.0,1,True,False,False,False,False,True,False,False,True
8,1,1.0,Mr. William Davis,male,13.3,0.0,0.0,76538,2.199,S,1.0,1,False,False,True,False,True,False,False,False,True
9,0,1.0,Mr. Charles Wilson,male,26.4,0.0,0.0,114570,21.0626,S,1.0,1,False,False,False,True,False,False,False,False,True
10,1,1.0,Mrs. Patricia Taylor,female,0.4,2.5,0.0,697933,69.16345,S,3.5,0,True,False,False,False,False,False,True,False,False
11,0,1.0,Mr. George Moore,male,41.0,0.0,0.0,889771,18.8675,Q,1.0,1,False,False,False,False,False,False,False,False,True
12,1,1.0,Miss. Mary Johnson,female,0.4,2.0,0.0,272025,7.0098,S,3.0,0,True,False,False,False,False,True,False,True,False
13,1,3.0,Mr. George Moore,male,28.6,0.0,0.0,393276,8.3631,S,1.0,1,False,False,False,True,False,True,False,False,True
14,0,2.0,Mr. Charles Wilson,male,29.9,0.0,0.0,205392,0.2004,S,1.0,1,False,False,False,True,True,False,False,False,True
15,0,3.0,Miss. Linda Anderson,female,37.5,0.0,0.0,138993,1.1515,S,1.0,1,False,False,False,False,True,False,False,False,True
16,0,3.0,Mr. Charles Wilson,male,29.1,0.0,0.0,807762,21.4281,S,1.0,1,False,False,False,True,False,False,False,False,True
17,0,2.0,Mr. George Moore,male,59.0,0.0,0.0,233112,29.522,S,1.0,1,False,False,False,False,False,False,False,False,True
18,0,2.0,Mr. George Moore,male,32.8,0.0,0.0,221588,49.3348,S,1.0,1,False,False,False,True,False,False,True,False,True
19,0,2.0,Mrs. Barbara Thomas,female,45.0,1.0,0.0,868985,38.5537,C,2.0,0,False,False,False,False,False,False,True,True,False
20,0,3.0,Mrs. Barbara Thomas,female,19.2,1.0,0.0,706713,14.9423,S,2.0,0,False,False,False,True,False,False,False,True,False
21,0,2.0,Mr. Charles Wilson,male,29.2,1.0,0.0,157083,1.075,S,2.0,0,False,False,False,True,True,False,False,True,False
22,0,3.0,Mr. John Smith,male,52.1,0.0,0.0,93537,19.8531,S,1.0,1,False,False,False,False,False,False,False,False,True
23,0,2.0,Mr. George Moore,male,26.3,0.0,0.0,595273,37.3526,S,1.0,1,False,False,False,True,False,False,True,False,True
24,0,3.0,Mrs. Patricia Taylor,female,32.5,0.0,0.0,551332,20.8632,C,1.0,1,False,False,False,True,False,False,False,False,True
25,0,2.0,Miss. Mary Johnson,female,25.7,1.0,0.0,441508,14.205,Q,2.0,0,False,False,False,True,False,False,False,True,False
26,1,2.0,Mr. John Smith,male,18.9,2.0,0.0,656592,5.3028,S,3.0,0,False,False,False,True,True,False,False,True,False
27,0,3.0,Mr. John Smith,male,0.4,0.0,0.0,146322,24.264,C,1.0,1,True,False,False,False,False,False,False,False,True
28,0,3.0,Mr. James Brown,male,31.9,0.0,0.0,268116,16.8854,C,1.0,1,False,False,False,True,False,False,False,False,True
29,0,1.0,Mrs. Barbara Thomas,female,44.0,0.0,0.0,819721,69.16345,Q,1.0,1,False,False,False,False,False,False,True,False,True
30,0,3.0,Miss. Susan Jackson,female,10.1,0.0,0.0,43087,2.2001,S,1.0,1,True,False,False,False,True,False,False,False,True
31,0,3.0,Mr. William Davis,male,39.4,0.0,0.0,85952,3.3248,S,1.0,1,False,False,False,False,True,False,False,False,True
32,0,3.0,Mr. William Davis,male,39.5,0.0,0.0,756055,3.094,S,1.0,1,False,False,False,False,True,False,False,False,True
33,0,3.0,Mr. George Moore,male,23.3,1.0,0.0,46368,20.4466,C,2.0,0,False,False,False,True,False,False,False,True,False
34,1,2.0,Mrs. Patricia Taylor,female,16.1,0.0,0.0,654936,4.1382,S,1.0,1,False,False,True,False,True,False,False,False,True
35,1,1.0,Mr. William Davis,male,31.1,0.0,0.0,867247,5.7948,S,1.0,1,False,False,False,True,False,True,False,False,True
36,1,2.0,Miss. Mary Johnson,female,27.1,2.5,0.0,100693,69.16345,S,3.5,0,False,False,False,True,False,False,True,False,False
37,0,3.0,Mr. William Davis,male,18.9,0.0,0.0,464256,0.3267,S,1.0,1,False,False,False,True,True,False,False,False,True
38,0,3.0,Mr. George Moore,male,18.1,0.0,0.0,593188,23.4428,S,1.0,1,False,False,False,True,False,False,False,False,True
39,1,2.0,Mr. John Smith,male,20.6,0.0,0.0,811926,9.0942,C,1.0,1,False,False,False,True,False,True,False,False,True
40,0,1.0,Mr. William Davis,male,28.1,0.0,0.0,388630,69.16345,S,1.0,1,False,False,False,True,False,False,True,False,True
41,0,3.0,Mr. George Moore,male,19.6,0.0,0.0,710526,10.5148,C,1.0,1,False,False,False,True,False,True,False,False,True
42,0,3.0,Mrs. Patricia Taylor,female,29.1,1.0,0.0,232182,30.1474,S,2.0,0,False,False,False,True,False,False,False,True,False
43,0,3.0,Mr. George Moore,male,37.5,0.0,0.0,166405,33.8819,S,1.0,1,False,False,False,False,False,False,True,False,True
44,1,1.0,Mr. James Brown,male,30.4,0.0,0.0,829482,0.7677,S,1.0,1,False,False,False,True,True,False,False,False,True
45,0,2.0,Mr. John Smith,male,26.7,0.0,0.0,632087,1.5681,S,1.0,1,False,False,False,True,True,False,False,False,True
46,1,1.0,Miss. Susan Jackson,female,20.3,0.0,0.0,141016,24.2055,S,1.0,1,False,False,False,True,False,False,False,False,True
47,0,3.0,Mrs. Barbara Thomas,female,20.1,1.0,0.0,239147,14.3857,S,2.0,0,False,False,False,True,False,False,False,True,False
48,0,1.0,Mr. Charles Wilson,male,25.4,1.0,0.0,622545,69.16345,S,2.0,0,False,False,False,True,False,False,True,True,False
49,0,3.0,Mrs. Barbara Thomas,female,34.6,0.0,0.0,58070,8.009,C,1.0,1,False,False,False,True,False,True,False,False,True
50,0,2.0,Mr. Charles Wilson,male,15.3,1.0,0.0,801598,18.6775,S,2.0,0,False,False,True,False,False,False,False,True,False
51,1,3.0,Mr. Charles Wilson,male,35.4,0.0,0.0,410337,2.7153,S,1.0,1,False,False,False,False,True,False,False,False,True
52,1,3.0,Mrs. Patricia Taylor,female,50.2,2.5,0.0,680037,21.2496,S,3.5,0,False,False,False,False,False,False,False,False,False
53,1,3.0,Miss. Susan Jackson,female,28.0,0.0,0.0,721921,44.4761,S,1.0,1,False,False,False,True,False,False,True,False,True
54,1,1.0,Miss. Mary Johnson,female,24.3,2.5,0.0,485125,26.2746,S,3.5,0,False,False,False,True,False,False,False,False,False
55,0,1.0,Mr. Charles Wilson,male,29.3,1.0,0.0,883841,57.3596,S,2.0,0,False,False,False,True,False,False,True,True,False
56,1,1.0,Mr. Charles Wilson,male,35.6,0.0,0.0,47664,7.5643,S,1.0,1,False,False,False,False,False,True,False,False,True
57,0,3.0,Miss. Mary Johnson,female,12.7,0.0,0.0,926358,10.6473,S,1.0,1,False,False,True,False,False,True,False,False,True
58,0,3.0,Mr. John Smith,male,22.8,2.5,0.0,518034,9.0835,S,3.5,0,False,False,False,True,False,True,False,False,False
59,0,3.0,Mr. Charles Wilson,male,39.0,1.0,0.0,797725,2.0279,S,2.0,0,False,False,False,False,True,False,False,True,False
60,0,3.0,Mr. James Brown,male,32.6,0.0,0.0,949947,7.5857,S,1.0,1,False,False,False,True,False,True,False,False,True
61,0,3.0,Mr. John Smith,male,25.9,1.0,0.0,508477,5.2861,S,2.0,0,False,False,False,True,True,False,False,True,False
62,0,1.0,Mr. George Moore,male,3.1,0.0,0.0,321356,61.9744,C,1.0,1,True,False,False,False,False,False,True,False,True
63,1,3.0,Miss. Susan Jackson,female,34.5,0.0,0.0,85276,11.4537,S,1.0,1,False,False,False,True,False,True,False,False,True
64,0,2.0,Mr. James Brown,male,38.7,0.0,0.0,808991,0.1706,S,1.0,1,False,False,False,False,True,False,False,False,True
65,0,2.0,Mr. William Davis,male,13.9,0.0,0.0,75231,28.6263,S,1.0,1,False,False,True,False,False,False,False,False,True
66,0,3.0,Mr. James Brown,male,27.4,1.0,0.0,642565,16.2282,S,2.0,0,False,False,False,True,False,False,False,True,False
67,0,1.0,Mrs. Barbara Thomas,female,30.2,0.0,0.0,180116,38.3173,S,1.0,1,False,False,False,True,False,False,True,False,True
68,1,1.0,Mr. William Davis,male,38.2,1.0,0.0,293891,4.5686,S,2.0,0,False,False,False,False,True,False,False,True,False
69,0,3.0,Mr. Charles Wilson,male,29.8,0.0,0.0,771816,18.2809,Q,1.0,1,False,False,False,True,False,False,False,False,True
70,1,1.0,Miss. Susan Jackson,female,6.1,0.0,0.0,476725,69.16345,C,1.0,1,True,False,False,False,False,False,True,False,True
71,1,3.0,Miss. Mary Johnson,female,22.0,0.0,0.0,433345,3.5703,S,1.0,1,False,False,False,True,True,False,False,False,True
72,0,2.0,Mrs. Barbara Thomas,female,33.0,0.0,0.0,272181,7.8172,S,1.0,1,False,False,False,True,False,True,False,False,True
73,0,2.0,Miss. Susan Jackson,female,41.9,0.0,0.0,900726,4.0622,S,1.0,1,False,False,False,False,True,False,False,False,True
74,1,2.0,Mr. James Brown,male,20.7,0.0,0.0,107847,17.2046,S,1.0,1,False,False,False,True,False,False,False,False,True
75,1,2.0,Mrs. Barbara Thomas,female,61.4,0.0,0.0,638030,3.3646,S,1.0,1,False,True,False,False,True,False,False,False,True
76,1,3.0,Mr. George Moore,male,2.2,0.0,0.0,787725,5.7247,S,1.0,1,True,False,False,False,False,True,False,False,True
77,1,2.0,Miss. Mary Johnson,female,21.5,0.0,0.0,58503,23.8813,S,1.0,1,False,False,False,True,False,False,False,False,True
78,0,3.0,Mrs. Barbara Thomas,female,28.5,0.0,0.0,824639,10.6762,S,1.0,1,False,False,False,True,False,True,False,False,True
79,0,3.0,Miss. Susan Jackson,female,26.8,1.0,0.0,512376,6.3507,Q,2.0,0,False,False,False,True,False,True,False,True,False
80,0,3.0,Mrs. Barbara Thomas,female,21.2,1.0,0.0,305385,7.087,S,2.0,0,False,False,False,True,False,True,False,True,False
81,1,3.0,Mr. John Smith,male,36.2,0.0,0.0,927562,10.7353,Q,1.0,1,False,False,False,False,False,True,False,False,True
82,1,3.0,Mr. Charles Wilson,male,35.1,0.0,0.0,995676,0.0765,C,1.0,1,False,False,False,False,True,False,False,False,True
83,0,1.0,Mrs. Barbara Thomas,female,30.4,0.0,0.0,368315,6.8681,S,1.0,1,False,False,False,True,False,True,False,False,True
84,0,1.0,Miss. Susan Jackson,female,34.5,2.5,0.0,680194,69.16345,C,3.5,0,False,False,False,True,False,False,True,False,False
85,0,2.0,Mr. William Davis,male,23.6,0.0,0.0,484329,1.6216,S,1.0,1,False,False,False,True,True,False,False,False,True
86,0,3.0,Mr. Charles Wilson,male,6.2,0.0,0.0,269966,15.9499,S,1.0,1,True,False,False,False,False,False,False,False,True
87,1,1.0,Mr. William Davis,male,19.3,0.0,0.0,913734,69.16345,S,1.0,1,False,False,False,True,False,False,True,False,True
88,1,3.0,Mrs. Patricia Taylor,female,32.0,0.0,0.0,692550,4.1034,S,1.0,1,False,False,False,True,True,False,False,False,True
89,1,3.0,Mrs. Barbara Thomas,female,32.1,0.0,0.0,82832,6.0166,S,1.0,1,False,False,False,True,False,True,False,False,True
90,0,2.0,Mr. William Davis,male,30.3,1.0,0.0,293527,16.8293,S,2.0,0,False,False,False,True,False,False,False,True,False
91,0,3.0,Mr. James Brown,male,37.7,0.0,0.0,776334,27.7499,S,1.0,1,False,False,False,False,False,False,False,False,True
92,1,1.0,Miss. Susan Jackson,female,21.3,0.0,0.0,396435,69.16345,S,1.0,1,False,False,False,True,False,False,True,False,True
93,1,1.0,Mrs. Barbara Thomas,female,30.1,0.0,0.0,952164,69.16345,S,1.0,1,False,False,False,True,False,False,True,False,True
94,0,3.0,Mr. George Moore,male,29.7,0.0,0.0,773389,1.1778,S,1.0,1,False,False,False,True,True,False,False,False,True
95,1,3.0,Mr. James Brown,male,28.5,1.0,0.0,799106,14.3793,S,2.0,0,False,False,False,True,False,False,False,True,False
96,0,3.0,Mr. George Moore,male,34.9,0.0,0.0,386244,6.8659,S,1.0,1,False,False,False,True,False,True,False,False,True
97,0,2.0,Mr. George Moore,male,15.8,1.0,0.0,381513,12.724,S,2.0,0,False,False,True,False,False,True,False,True,False
99,0,3.0,Mrs. Patricia Taylor,female,49.9,0.0,0.0,750400,2.7564,C,1.0,1,False,False,False,False,True,False,False,False,True
100,0,3.0,Miss. Susan Jackson,female,46.7,2.5,0.0,428882,20.3203,S,3.5,0,False,False,False,False,False,False,False,False,False
101,0,3.0,Mr. William Davis,male,33.1,0.0,0.0,53794,7.8658,S,1.0,1,False,False,False,True,False,True,False,False,True
102,1,2.0,Mrs. Patricia Taylor,female,12.3,1.0,0.0,929580,7.181,S,2.0,0,False,False,True,False,False,True,False,True,False
103,0,3.0,Mr. John Smith,male,29.6,0.0,0.0,992358,6.299,C,1.0,1,False,False,False,True,False,True,False,False,True
104,0,2.0,Mr. Charles Wilson,male,52.4,1.0,0.0,138544,38.5378,S,2.0,0,False,False,False,False,False,False,True,True,False
105,1,1.0,Mr. George Moore,male,38.7,0.0,0.0,979846,69.16345,S,1.0,1,False,False,False,False,False,False,True,False,True
106,0,3.0,Mr. William Davis,male,26.7,0.0,0.0,47555,4.1325,S,1.0,1,False,False,False,True,True,False,False,False,True
107,0,1.0,Miss. Mary Johnson,female,38.8,1.0,0.0,720568,10.4999,S,2.0,0,False,False,False,False,False,True,False,True,False
108,1,3.0,Mrs. Patricia Taylor,female,11.3,2.0,0.0,828838,3.7745,S,3.0,0,True,False,False,False,True,False,False,True,False
109,0,3.0,Mr. George Moore,male,34.9,1.0,0.0,464788,32.958,S,2.0,0,False,False,False,True,False,False,True,True,False
110,0,1.0,Mr. John Smith,male,14.0,1.0,0.0,50262,69.16345,Q,2.0,0,False,False,True,False,False,False,True,True,False
111,0,3.0,Miss. Mary Johnson,female,36.5,1.0,0.0,887752,9.9119,S,2.0,0,False,False,False,False,False,True,False,True,False
112,0,3.0,Mr. William Davis,male,40.1,0.0,0.0,752021,11.7951,S,1.0,1,False,False,False,False,False,True,False,False,True
113,1,3.0,Mr. Charles Wilson,male,26.6,0.0,0.0,426432,5.9248,S,1.0,1,False,False,False,True,False,True,False,False,True
114,1,3.0,Mrs. Barbara Thomas,female,17.0,0.0,0.0,471333,21.3931,S,1.0,1,False,False,True,False,False,False,False,False,True
115,1,3.0,Mr. Charles Wilson,male,35.7,0.0,0.0,746496,9.6309,C,1.0,1,False,False,False,False,False,True,False,False,True
116,1,3.0,Mr. James Brown,male,22.6,0.0,0.0,302428,1.6139,S,1.0,1,False,False,False,True,True,False,False,False,True
117,1,3.0,Mr. John Smith,male,18.2,0.0,0.0,685531,1.7964,S,1.0,1,False,False,False,True,True,False,False,False,True
118,0,2.0,Mrs. Patricia Taylor,female,34.6,0.0,0.0,887059,15.3945,S,1.0,1,False,False,False,True,False,False,False,False,True
119,1,3.0,Mr. John Smith,male,18.7,1.0,0.0,941837,35.8517,C,2.0,0,False,False,False,True,False,False,True,True,False
120,0,1.0,Mr. William Davis,male,7.0,0.0,0.0,433751,30.969,C,1.0,1,True,False,False,False,False,False,True,False,True
121,1,3.0,Miss. Linda Anderson,female,35.1,0.0,0.0,99023,26.4771,S,1.0,1,False,False,False,False,False,False,False,False,True
122,1,3.0,Mr. James Brown,male,27.6,0.0,0.0,217012,18.7763,S,1.0,1,False,False,False,True,False,False,False,False,True
123,0,1.0,Mrs. Patricia Taylor,female,33.3,1.0,0.0,174772,23.9206,S,2.0,0,False,False,False,True,False,False,False,True,False
124,0,3.0,Mr. William Davis,male,31.9,1.0,0.0,486799,0.4812,Q,2.0,0,False,False,False,True,True,False,False,True,False
125,0,3.0,Miss. Susan Jackson,female,31.2,0.0,0.0,51516,1.3964,S,1.0,1,False,False,False,True,True,False,False,False,True
126,0,1.0,Mr. Charles Wilson,male,35.4,0.0,0.0,287721,69.16345,S,1.0,1,False,False,False,False,False,False,True,False,True
127,1,3.0,Mr. Charles Wilson,male,47.0,0.0,0.0,265623,2.8955,S,1.0,1,False,False,False,False,True,False,False,False,True
128,1,3.0,Mr. William Davis,male,22.2,0.0,0.0,549303,6.0327,S,1.0,1,False,False,False,True,False,True,False,False,True
129,0,1.0,Mr. Charles Wilson,male,27.3,0.0,0.0,101104,58.5103,S,1.0,1,False,False,False,True,False,False,True,False,True
130,0,3.0,Miss. Susan Jackson,female,6.8,0.0,0.0,386556,16.8049,Q,1.0,1,True,False,False,False,False,False,False,False,True
131,0,2.0,Miss. Susan Jackson,female,49.7,0.0,0.0,363884,2.4034,S,1.0,1,False,False,False,False,True,False,False,False,True
132,0,3.0,Mr. John Smith,male,38.9,0.0,0.0,762644,6.7794,C,1.0,1,False,False,False,False,False,True,False,False,True
133,0,3.0,Mr. James Brown,male,19.4,2.5,0.0,424452,8.6285,S,3.5,0,False,False,False,True,False,True,False,False,False
134,0,3.0,Mrs. Barbara Thomas,female,27.0,2.5,0.0,338784,10.1183,S,3.5,0,False,False,False,True,False,True,False,False,False
135,1,3.0,Miss. Susan Jackson,female,7.6,0.0,0.0,617478,22.1745,S,1.0,1,True,False,False,False,False,False,False,False,True
136,0,3.0,Mr. James Brown,male,30.2,0.0,0.0,139516,2.4486,S,1.0,1,False,False,False,True,True,False,False,False,True
137,0,3.0,Mr. James Brown,male,19.3,0.0,0.0,973208,21.442,Q,1.0,1,False,False,False,True,False,False,False,False,True
138,1,2.0,Mr. John Smith,male,27.0,0.0,0.0,183441,23.6102,C,1.0,1,False,False,False,True,False,False,False,False,True
139,0,3.0,Mrs. Patricia Taylor,female,7.4,2.5,0.0,669006,10.5513,S,3.5,0,True,False,False,False,False,True,False,False,False
140,1,1.0,Mr. James Brown,male,58.5,0.0,0.0,97007,69.16345,S,1.0,1,False,False,False,False,False,False,True,False,True
141,1,3.0,Mr. William Davis,male,37.7,1.0,0.0,691266,6.9038,S,2.0,0,False,False,False,False,False,True,False,True,False
142,0,1.0,Mr. John Smith,male,24.6,0.0,0.0,752003,12.5128,Q,1.0,1,False,False,False,True,False,True,False,False,True
143,0,1.0,Miss. Mary Johnson,female,48.6,2.5,0.0,57728,69.16345,C,3.5,0,False,False,False,False,False,False,True,False,False
144,0,1.0,Mr. Charles Wilson,male,43.6,0.0,0.0,811310,62.4751,C,1.0,1,False,False,False,False,False,False,True,False,True
145,0,3.0,Mr. James Brown,male,41.0,1.0,0.0,519958,13.2589,S,2.0,0,False,False,False,False,False,True,False,True,False
146,0,2.0,Mr. Charles Wilson,male,38.7,0.0,0.0,925357,8.2498,S,1.0,1,False,False,False,False,False,True,False,False,True
147,0,3.0,Mr. George Moore,male,50.2,0.0,0.0,19145,30.8584,S,1.0,1,False,False,False,False,False,False,False,False,True
148,0,1.0,Mr. James Brown,male,25.5,0.0,0.0,622866,69.16345,S,1.0,1,False,False,False,True,False,False,True,False,True
149,0,2.0,Mr. George Moore,male,24.5,0.0,0.0,28226,1.7854,S,1.0,1,False,False,False,True,True,False,False,False,True
150,0,3.0,Mr. William Davis,male,0.4,2.0,0.0,274946,7.7672,S,3.0,0,True,False,False,False,False,True,False,True,False
151,1,3.0,Mr. James Brown,male,23.6,2.0,0.0,558407,18.3566,S,3.0,0,False,False,False,True,False,False,False,True,False
152,0,2.0,Mr. Charles Wilson,male,10.5,1.0,0.0,73560,31.6107,C,2.0,0,True,False,False,False,False,False,True,True,False
153,0,3.0,Mrs. Barbara Thomas,female,21.7,0.0,0.0,67353,8.8712,C,1.0,1,False,False,False,True,False,True,False,False,True
154,0,3.0,Mrs. Patricia Taylor,female,14.8,1.0,0.0,255741,29.2681,S,2.0,0,False,False,True,False,False,False,False,True,False
155,1,3.0,Mr. Charles Wilson,male,24.4,0.0,0.0,758081,4.0498,S,1.0,1,False,False,False,True,True,False,False,False,True
156,0,1.0,Mrs. Patricia Taylor,female,36.1,0.0,0.0,395145,44.4064,S,1.0,1,False,False,False,False,False,False,True,False,True
157,1,1.0,Mr. John Smith,male,29.9,0.0,0.0,465342,69.16345,C,1.0,1,False,False,False,True,False,False,True,False,True
158,1,3.0,Mr. Charles Wilson,male,40.0,0.0,0.0,605929,69.16345,C,1.0,1,False,False,False,False,False,False,True,False,True
159,0,1.0,Mr. James Brown,male,48.1,0.0,0.0,61712,69.16345,C,1.0,1,False,False,False,False,False,False,True,False,True
160,1,3.0,Mr. James Brown,male,24.4,0.0,0.0,455405,25.4651,S,1.0,1,False,False,False,True,False,False,False,False,True
161,0,3.0,Mrs. Barbara Thomas,female,22.8,0.0,0.0,985288,1.2085,S,1.0,1,False,False,False,True,True,False,False,False,True
162,1,3.0,Miss. Mary Johnson,female,35.5,1.0,0.0,664373,26.0318,S,2.0,0,False,False,False,False,False,False,False,True,False
163,1,3.0,Mrs. Barbara Thomas,female,44.7,0.0,0.0,340429,5.0255,S,1.0,1,False,False,False,False,True,False,False,False,True
164,0,3.0,Mr. James Brown,male,40.4,0.0,0.0,125278,2.5534,S,1.0,1,False,False,False,False,True,False,False,False,True
165,0,2.0,Mr. John Smith,male,15.9,0.0,0.0,519272,5.4722,C,1.0,1,False,False,True,False,False,True,False,False,True
166,1,3.0,Mr. George Moore,male,35.8,0.0,0.0,708309,7.036,S,1.0,1,False,False,False,False,False,True,False,False,True
167,0,2.0,Mr. William Davis,male,31.3,0.0,0.0,175201,5.7855,S,1.0,1,False,False,False,True,False,True,False,False,True
168,0,3.0,Mr. Charles Wilson,male,45.0,0.0,0.0,820944,5.0245,S,1.0,1,False,False,False,False,True,False,False,False,True
169,0,3.0,Mr. James Brown,male,21.4,0.0,0.0,636365,1.885,Q,1.0,1,False,False,False,True,True,False,False,False,True
170,0,3.0,Mr. John Smith,male,20.7,1.0,0.0,744391,4.566,S,2.0,0,False,False,False,True,True,False,False,True,False
171,1,3.0,Mr. John Smith,male,39.7,0.0,0.0,466770,11.0408,S,1.0,1,False,False,False,False,False,True,False,False,True
172,0,3.0,Miss. Susan Jackson,female,0.4,1.0,0.0,274208,7.5807,S,2.0,0,True,False,False,False,False,True,False,True,False
173,0,2.0,Mrs. Barbara Thomas,female,19.1,0.0,0.0,629902,8.515,S,1.0,1,False,False,False,True,False,True,False,False,True
174,0,2.0,Miss. Mary Johnson,female,32.6,0.0,0.0,192639,27.4441,S,1.0,1,False,False,False,True,False,False,False,False,True
175,1,3.0,Mr. George Moore,male,14.8,1.0,0.0,127639,29.1162,S,2.0,0,False,False,True,False,False,False,False,True,False
176,0,2.0,Mr. James Brown,male,18.8,0.0,0.0,302155,28.2765,S,1.0,1,False,False,False,True,False,False,False,False,True
177,1,1.0,Mr. George Moore,male,27.6,0.0,0.0,343296,33.8913,C,1.0,1,False,False,False,True,False,False,True,False,True
178,0,2.0,Mrs. Barbara Thomas,female,41.6,1.0,0.0,738871,27.2861,S,2.0,0,False,False,False,False,False,False,False,True,False
179,1,2.0,Mr. George Moore,male,26.0,0.0,0.0,20960,3.297,S,1.0,1,False,False,False,True,True,False,False,False,True
180,0,2.0,Mr. John Smith,male,46.1,1.0,0.0,496744,2.7926,Q,2.0,0,False,False,False,False,True,False,False,True,False
181,0,1.0,Miss. Mary Johnson,female,14.3,0.0,0.0,131789,35.6225,S,1.0,1,False,False,True,False,False,False,True,False,True
182,0,1.0,Mr. William Davis,male,12.3,1.0,0.0,331064,69.16345,S,2.0,0,False,False,True,False,False,False,True,True,False
183,1,1.0,Mr. George Moore,male,33.1,0.0,0.0,817819,23.7573,C,1.0,1,False,False,False,True,False,False,False,False,True
184,1,3.0,Mr. James Brown,male,38.1,0.0,0.0,418540,0.8495,S,1.0,1,False,False,False,False,True,False,False,False,True
185,0,2.0,Mr. Charles Wilson,male,23.0,0.0,0.0,598248,2.8246,S,1.0,1,False,False,False,True,True,False,False,False,True
186,1,2.0,Mr. William Davis,male,13.2,0.0,0.0,132994,39.1438,S,1.0,1,False,False,True,False,False,False,True,False,True
187,1,3.0,Mr. George Moore,male,37.4,0.0,0.0,999283,13.0589,S,1.0,1,False,False,False,False,False,True,False,False,True
188,0,1.0,Mr. James Brown,male,33.9,0.0,0.0,304772,24.5246,S,1.0,1,False,False,False,True,False,False,False,False,True
189,0,3.0,Mr. William Davis,male,21.0,0.0,0.0,917701,10.5345,C,1.0,1,False,False,False,True,False,True,False,False,True
190,0,3.0,Miss. Mary Johnson,female,33.0,0.0,0.0,740456,9.7485,S,1.0,1,False,False,False,True,False,True,False,False,True
191,0,1.0,Mr. Charles Wilson,male,55.8,0.0,0.0,843884,69.16345,S,1.0,1,False,False,False,False,False,False,True,False,True
192,1,2.0,Mr. George Moore,male,35.3,1.0,0.0,837530,5.3103,Q,2.0,0,False,False,False,False,True,False,False,True,False
193,1,3.0,Mr. James Brown,male,29.1,0.0,0.0,473675,25.9749,S,1.0,1,False,False,False,True,False,False,False,False,True
194,1,3.0,Miss. Mary Johnson,female,30.8,0.0,0.0,704595,4.8119,S,1.0,1,False,False,False,True,True,False,False,False,True
195,0,3.0,Mr. William Davis,male,37.9,0.0,0.0,359005,15.3998,S,1.0,1,False,False,False,False,False,False,False,False,True
196,0,3.0,Mr. Charles Wilson,male,31.2,0.0,0.0,37949,0.2113,S,1.0,1,False,False,False,True,True,False,False,False,True
197,1,1.0,Miss. Linda Anderson,female,37.3,2.0,0.0,163893,39.166,S,3.0,0,False,False,False,False,False,False,True,True,False
198,1,3.0,Miss. Linda Anderson,female,41.2,0.0,0.0,212684,5.6344,S,1.0,1,False,False,False,False,False,True,False,False,True
199,1,1.0,Mr. James Brown,male,43.8,2.5,0.0,949536,65.8671,Q,3.5,0,False,False,False,False,False,False,True,False,False
200,1,3.0,Miss. Mary Johnson,female,41.3,0.0,0.0,345681,0.9817,Q,1.0,1,False,False,False,False,True,False,False,False,True
201,1,3.0,Mr. George Moore,male,30.2,1.0,0.0,418519,20.2966,C,2.0,0,False,False,False,True,False,False,False,True,False
202,0,3.0,Mr. James Brown,male,15.8,0.0,0.0,388147,3.1931,C,1.0,1,False,False,True,False,True,False,False,False,True
203,0,3.0,Mr. Charles Wilson,male,0.4,1.0,0.0,223065,14.6929,S,2.0,0,True,False,False,False,False,False,False,True,False
204,1,1.0,Mr. William Davis,male,32.0,0.0,0.0,792086,69.16345,S,1.0,1,False,False,False,True,False,False,True,False,True
205,0,1.0,Mrs. Barbara Thomas,female,45.4,0.0,0.0,415519,69.16345,C,1.0,1,False,False,False,False,False,False,True,False,True
206,0,1.0,Mr. James Brown,male,44.1,0.0,0.0,584989,69.16345,S,1.0,1,False,False,False,False,False,False,True,False,True
207,0,1.0,Mr. James Brown,male,41.5,0.0,0.0,846943,69.16345,Q,1.0,1,False,False,False,False,False,False,True,False,True
208,1,3.0,Miss. Susan Jackson,female,28.6,2.0,0.0,90664,5.7112,S,3.0,0,False,False,False,True,False,True,False,True,False
209,0,2.0,Miss. Linda Anderson,female,45.5,0.0,0.0,421496,33.0948,S,1.0,1,False,False,False,False,False,False,True,False,True
210,0,1.0,Mr. James Brown,male,43.1,0.0,0.0,49427,29.3273,S,1.0,1,False,False,False,False,False,False,False,False,True
211,0,3.0,Mr. Charles Wilson,male,23.9,1.0,0.0,107180,11.0083,Q,2.0,0,False,False,False,True,False,True,False,True,False
212,1,3.0,Mr. George Moore,male,39.5,0.0,0.0,637838,17.7847,S,1.0,1,False,False,False,False,False,False,False,False,True
213,1,3.0,Mrs. Barbara Thomas,female,21.9,2.5,0.0,934471,6.1926,C,3.5,0,False,False,False,True,False,True,False,False,False
214,0,3.0,Miss. Linda Anderson,female,37.5,1.0,0.0,934165,4.6883,S,2.0,0,False,False,False,False,True,False,False,True,False
215,1,1.0,Miss. Susan Jackson,female,10.9,0.0,0.0,87952,51.658,S,1.0,1,True,False,False,False,False,False,True,False,True
216,0,2.0,Mr. George Moore,male,27.1,1.0,0.0,76046,34.071,C,2.0,0,False,False,False,True,False,False,True,True,False
217,0,3.0,Mr. George Moore,male,45.0,0.0,0.0,116918,34.5559,S,1.0,1,False,False,False,False,False,False,True,False,True
218,1,3.0,Mr. John Smith,male,27.7,0.0,0.0,831632,10.2393,S,1.0,1,False,False,False,True,False,True,False,False,True
219,1,1.0,Mr. George Moore,male,38.9,0.0,0.0,339586,69.16345,S,1.0,1,False,False,False,False,False,False,True,False,True
220,1,3.0,Mr. Charles Wilson,male,31.0,0.0,0.0,464887,30.3663,S,1.0,1,False,False,False,True,False,False,False,False,True
221,1,1.0,Mrs. Barbara Thomas,female,0.4,1.0,0.0,625358,8.7148,S,2.0,0,True,False,False,False,False,True,False,True,False
222,0,1.0,Mr. William Davis,male,28.6,2.0,0.0,592456,22.1817,S,3.0,0,False,False,False,True,False,False,False,True,False
223,0,3.0,Mr. James Brown,male,36.3,0.0,0.0,844754,16.0431,S,1.0,1,False,False,False,False,False,False,False,False,True
224,0,3.0,Mrs. Patricia Taylor,female,21.9,0.0,0.0,965200,22.5657,Q,1.0,1,False,False,False,True,False,False,False,False,True
225,0,3.0,Mr. John Smith,male,19.4,2.5,0.0,80246,25.2865,S,3.5,0,False,False,False,True,False,False,False,False,False
226,0,1.0,Miss. Susan Jackson,female,50.6,0.0,0.0,704252,45.0514,C,1.0,1,False,False,False,False,False,False,True,False,True
227,1,3.0,Mr. John Smith,male,28.8,0.0,0.0,549871,1.2166,S,1.0,1,False,False,False,True,True,False,False,False,True
228,0,2.0,Mr. William Davis,male,36.3,0.0,0.0,354864,11.5173,S,1.0,1,False,False,False,False,False,True,False,False,True
229,1,1.0,Mr. William Davis,male,40.9,1.0,0.0,458431,22.0348,S,2.0,0,False,False,False,False,False,False,False,True,False
230,1,3.0,Mr. James Brown,male,15.2,0.0,0.0,690213,4.4743,S,1.0,1,False,False,True,False,True,False,False,False,True
231,1,3.0,Miss. Linda Anderson,female,32.5,1.0,0.0,409325,19.2346,S,2.0,0,False,False,False,True,False,False,False,True,False
232,0,3.0,Mr. George Moore,male,48.8,1.0,0.0,249285,1.0209,S,2.0,0,False,False,False,False,True,False,False,True,False
233,0,3.0,Mr. Charles Wilson,male,56.1,0.0,0.0,331901,22.8518,S,1.0,1,False,False,False,False,False,False,False,False,True
234,0,3.0,Mr. William Davis,male,30.3,0.0,0.0,803091,7.2545,S,1.0,1,False,False,False,True,False,True,False,False,True
235,0,3.0,Mr. John Smith,male,26.2,1.0,0.0,273382,11.7845,S,2.0,0,False,False,False,True,False,True,False,True,False
236,1,1.0,Miss. Susan Jackson,female,33.6,0.0,0.0,655558,7.89,S,1.0,1,False,False,False,True,False,True,False,False,True
237,0,2.0,Mr. William Davis,male,33.2,1.0,0.0,915643,8.2304,S,2.0,0,False,False,False,True,False,True,False,True,False
238,0,2.0,Miss. Linda Anderson,female,49.8,2.0,0.0,25064,1.8796,Q,3.0,0,False,False,False,False,True,False,False,True,False
239,1,2.0,Miss. Susan Jackson,female,27.7,0.0,0.0,172187,65.1647,S,1.0,1,False,False,False,True,False,False,True,False,True
240,0,3.0,Mr. William Davis,male,25.6,1.0,0.0,697312,21.4035,S,2.0,0,False,False,False,True,False,False,False,True,False
241,1,3.0,Mrs. Barbara Thomas,female,20.0,1.0,0.0,670980,8.0016,S,2.0,0,False,False,False,True,False,True,False,True,False
242,1,1.0,Mr. James Brown,male,15.0,1.0,0.0,634078,21.2596,C,2.0,0,False,False,True,False,False,False,False,True,False
243,1,1.0,Mr. George Moore,male,35.2,0.0,0.0,899417,69.16345,S,1.0,1,False,False,False,False,False,False,True,False,True
244,0,3.0,Mr. John Smith,male,41.4,0.0,0.0,54258,5.4926,C,1.0,1,False,False,False,False,False,True,False,False,True
245,0,1.0,Miss. Linda Anderson,female,20.3,0.0,0.0,669830,14.7442,S,1.0,1,False,False,False,True,False,False,False,False,True
246,1,3.0,Mrs. Patricia Taylor,female,40.9,0.0,0.0,949507,10.7666,Q,1.0,1,False,False,False,False,False,True,False,False,True
247,0,3.0,Mr. John Smith,male,45.8,0.0,0.0,955075,37.4189,C,1.0,1,False,False,False,False,False,False,True,False,True
248,1,3.0,Miss. Mary Johnson,female,57.8,1.0,0.0,821100,0.0499,C,2.0,0,False,False,False,False,True,False,False,True,False
249,1,3.0,Mr. Charles Wilson,male,32.8,0.0,0.0,349403,3.5356,S,1.0,1,False,False,False,True,True,False,False,False,True
250,1,3.0,Mr. James Brown,male,29.7,0.0,0.0,646480,36.2423,S,1.0,1,False,False,False,True,False,False,True,False,True
251,0,2.0,Mr. George Moore,male,15.2,0.0,0.0,368720,3.7528,S,1.0,1,False,False,True,False,True,False,False,False,True
252,0,3.0,Mrs. Patricia Taylor,female,13.7,1.0,0.0,639769,1.5624,S,2.0,0,False,False,True,False,True,False,False,True,False
253,1,3.0,Mr. James Brown,male,47.8,0.0,0.0,907937,10.9773,C,1.0,1,False,False,False,False,False,True,False,False,True
254,0,2.0,Mr. John Smith,male,7.7,0.0,0.0,173118,39.5874,S,1.0,1,True,False,False,False,False,False,True,False,True
255,0,3.0,Mr. Charles Wilson,male,47.4,0.0,0.0,212049,8.429,S,1.0,1,False,False,False,False,False,True,False,False,True
256,0,3.0,Mr. Charles Wilson,male,17.1,1.0,0.0,781888,67.7919,S,2.0,0,False,False,True,False,False,False,True,True,False
257,1,3.0,Mr. James Brown,male,19.8,0.0,0.0,480471,14.779,S,1.0,1,False,False,False,True,False,False,False,False,True
258,1,3.0,Mr. James Brown,male,27.5,0.0,0.0,15397,1.0005,S,1.0,1,False,False,False,True,True,False,False,False,True
259,0,3.0,Miss. Linda Anderson,female,19.5,2.5,0.0,896357,64.1959,C,3.5,0,False,False,False,True,False,False,True,False,False
260,0,3.0,Mr. John Smith,male,43.2,1.0,0.0,617769,6.8129,S,2.0,0,False,False,False,False,False,True,False,True,False
261,0,3.0,Mr. George Moore,male,56.0,2.5,0.0,163305,4.4049,S,3.5,0,False,False,False,False,True,False,False,False,False
262,1,3.0,Mr. George Moore,male,20.2,0.0,0.0,486552,10.6102,S,1.0,1,False,False,False,True,False,True,False,False,True
263,0,3.0,Mrs. Barbara Thomas,female,23.4,0.0,0.0,332452,4.717,S,1.0,1,False,False,False,True,True,False,False,False,True
264,0,3.0,Miss. Mary Johnson,female,27.3,1.0,0.0,210798,1.1755,S,2.0,0,False,False,False,True,True,False,False,True,False
265,1,3.0,Mr. Charles Wilson,male,37.5,0.0,0.0,466435,0.0186,S,1.0,1,False,False,False,False,True,False,False,False,True
266,1,1.0,Miss. Susan Jackson,female,27.5,1.0,0.0,506574,50.1547,S,2.0,0,False,False,False,True,False,False,True,True,False
267,1,3.0,Mr. James Brown,male,49.8,0.0,0.0,535418,23.5712,S,1.0,1,False,False,False,False,False,False,False,False,True
268,1,3.0,Mr. John Smith,male,46.3,0.0,0.0,658581,11.0418,C,1.0,1,False,False,False,False,False,True,False,False,True
269,0,1.0,Mr. John Smith,male,23.8,0.0,0.0,548359,69.16345,S,1.0,1,False,False,False,True,False,False,True,False,True
270,0,3.0,Mr. William Davis,male,35.0,0.0,0.0,881949,4.3948,Q,1.0,1,False,False,False,True,True,False,False,False,True
271,1,1.0,Mr. James Brown,male,51.7,0.0,0.0,382384,27.6474,C,1.0,1,False,False,False,False,False,False,False,False,True
272,1,2.0,Mrs. Patricia Taylor,female,22.5,0.0,0.0,536406,3.4811,C,1.0,1,False,False,False,True,True,False,False,False,True
273,1,3.0,Mrs. Barbara Thomas,female,23.8,2.5,0.0,666023,2.3296,S,3.5,0,False,False,False,True,True,False,False,False,False
274,1,1.0,Miss. Mary Johnson,female,22.0,0.0,0.0,72408,28.2016,Q,1.0,1,False,False,False,True,False,False,False,False,True
275,0,3.0,Mr. Charles Wilson,male,22.3,0.0,0.0,61786,20.4654,C,1.0,1,False,False,False,True,False,False,False,False,True
276,0,3.0,Mr. James Brown,male,5.5,1.0,0.0,615559,30.7044,C,2.0,0,True,False,False,False,False,False,False,True,False
277,1,3.0,Miss. Linda Anderson,female,10.4,0.0,0.0,29158,48.0008,S,1.0,1,True,False,False,False,False,False,True,False,True
278,1,1.0,Mr. John Smith,male,30.8,0.0,0.0,827519,22.2048,C,1.0,1,False,False,False,True,False,False,False,False,True
279,1,2.0,Mr. James Brown,male,51.6,1.0,0.0,98114,42.6227,Q,2.0,0,False,False,False,False,False,False,True,True,False
280,1,3.0,Mr. William Davis,male,29.6,0.0,0.0,718481,5.1724,S,1.0,1,False,False,False,True,True,False,False,False,True
281,1,3.0,Miss. Susan Jackson,female,31.6,1.0,0.0,531358,1.5565,S,2.0,0,False,False,False,True,True,False,False,True,False
282,0,3.0,Mr. James Brown,male,54.4,1.0,0.0,554162,26.5254,Q,2.0,0,False,False,False,False,False,False,False,True,False
283,0,2.0,Mr. George Moore,male,37.6,2.5,0.0,249139,20.2178,S,3.5,0,False,False,False,False,False,False,False,False,False
284,0,3.0,Mrs. Barbara Thomas,female,5.6,0.0,0.0,879875,2.34,S,1.0,1,True,False,False,False,True,False,False,False,True
285,0,3.0,Mr. George Moore,male,17.7,0.0,0.0,575109,7.3037,S,1.0,1,False,False,True,False,False,True,False,False,True
286,0,3.0,Mr. James Brown,male,20.1,0.0,0.0,649963,4.4023,Q,1.0,1,False,False,False,True,True,False,False,False,True
287,0,1.0,Mr. George Moore,male,35.1,0.0,0.0,332726,69.16345,S,1.0,1,False,False,False,False,False,False,True,False,True
288,0,3.0,Mr. John Smith,male,27.8,1.0,0.0,132603,7.8529,S,2.0,0,False,False,False,True,False,True,False,True,False
289,0,3.0,Mrs. Patricia Taylor,female,43.5,0.0,0.0,950291,58.9633,S,1.0,1,False,False,False,False,False,False,True,False,True
290,0,3.0,Mr. William Davis,male,11.1,0.0,0.0,992207,0.7319,C,1.0,1,True,False,False,False,True,False,False,False,True
291,0,2.0,Mr. George Moore,male,24.5,1.0,0.0,424921,8.7706,S,2.0,0,False,False,False,True,False,True,False,True,False
292,0,3.0,Miss. Mary Johnson,female,35.4,0.0,0.0,603669,8.5486,C,1.0,1,False,False,False,False,False,True,False,False,True
293,1,3.0,Mrs. Barbara Thomas,female,28.5,0.0,0.0,908232,9.0926,Q,1.0,1,False,False,False,True,False,True,False,False,True
294,0,1.0,Mrs. Barbara Thomas,female,32.4,0.0,0.0,507821,31.8951,S,1.0,1,False,False,False,True,False,False,True,False,True
295,0,3.0,Mr. George Moore,male,32.6,1.0,0.0,402949,16.9848,S,2.0,0,False,False,False,True,False,False,False,True,False
296,0,3.0,Mr. Charles Wilson,male,37.2,0.0,0.0,185725,27.0065,S,1.0,1,False,False,False,False,False,False,False,False,True
297,1,1.0,Miss. Linda Anderson,female,25.9,1.0,0.0,878450,69.16345,S,2.0,0,False,False,False,True,False,False,True,True,False
298,0,2.0,Mrs. Patricia Taylor,female,47.8,0.0,0.0,897024,32.7047,S,1.0,1,False,False,False,False,False,False,True,False,True
299,1,3.0,Mr. John Smith,male,47.0,1.0,0.0,888058,24.7129,C,2.0,0,False,False,False,False,False,False,False,True,False
300,0,1.0,Mr. George Moore,male,44.4,1.0,0.0,620505,67.1765,C,2.0,0,False,False,False,False,False,False,True,True,False
301,0,3.0,Mr. Charles Wilson,male,6.9,0.0,0.0,788873,22.7248,S,1.0,1,True,False,False,False,False,False,False,False,True
302,0,2.0,Mrs. Patricia Taylor,female,21.2,0.0,0.0,959756,7.2339,S,1.0,1,False,False,False,True,False,True,False,False,True
303,0,3.0,Mr. William Davis,male,39.2,0.0,0.0,476548,6.6078,S,1.0,1,False,False,False,False,False,True,False,False,True
304,1,1.0,Mr. Charles Wilson,male,7.4,1.0,0.0,344943,32.0152,S,2.0,0,True,False,False,False,False,False,True,True,False
305,1,3.0,Mr. Charles Wilson,male,26.6,0.0,0.0,334329,8.1895,S,1.0,1,False,False,False,True,False,True,False,False,True
306,1,3.0,Miss. Mary Johnson,female,33.7,0.0,0.0,481529,4.3717,C,1.0,1,False,False,False,True,True,False,False,False,True
307,0,3.0,Miss. Linda Anderson,female,53.8,0.0,0.0,313682,42.3799,Q,1.0,1,False,False,False,False,False,False,True,False,True
308,0,3.0,Mr. William Davis,male,40.2,0.0,0.0,816775,4.8775,S,1.0,1,False,False,False,False,True,False,False,False,True
309,1,1.0,Miss. Susan Jackson,female,17.2,0.0,0.0,508905,8.668,C,1.0,1,False,False,True,False,False,True,False,False,True
310,0,3.0,Miss. Mary Johnson,female,54.3,0.0,0.0,221470,9.7276,S,1.0,1,False,False,False,False,False,True,False,False,True
311,0,1.0,Mr. George Moore,male,30.3,0.0,0.0,444448,4.9387,C,1.0,1,False,False,False,True,True,False,False,False,True
312,0,1.0,Mr. John Smith,male,26.0,1.0,0.0,130026,9.8401,S,2.0,0,False,False,False,True,False,True,False,True,False
313,0,2.0,Mr. William Davis,male,26.8,0.0,0.0,244257,4.9536,S,1.0,1,False,False,False,True,True,False,False,False,True
314,1,3.0,Miss. Mary Johnson,female,6.2,0.0,0.0,63106,8.1156,Q,1.0,1,True,False,False,False,False,True,False,False,True
315,1,3.0,Mr. John Smith,male,28.1,2.5,0.0,910754,7.3819,S,3.5,0,False,False,False,True,False,True,False,False,False
316,1,3.0,Mr. John Smith,male,36.9,1.0,0.0,91227,20.9027,C,2.0,0,False,False,False,False,False,False,False,True,False
317,0,3.0,Mrs. Patricia Taylor,female,24.1,2.0,0.0,456295,17.4857,S,3.0,0,False,False,False,True,False,False,False,True,False
318,0,2.0,Mr. James Brown,male,35.8,0.0,0.0,690388,11.1136,S,1.0,1,False,False,False,False,False,True,False,False,True
319,0,3.0,Miss. Linda Anderson,female,32.2,0.0,0.0,576423,5.2783,S,1.0,1,False,False,False,True,True,False,False,False,True
320,0,2.0,Mr. John Smith,male,27.7,0.0,0.0,696426,7.6097,S,1.0,1,False,False,False,True,False,True,False,False,True
321,0,3.0,Mr. William Davis,male,34.3,1.0,0.0,653887,19.3336,S,2.0,0,False,False,False,True,False,False,False,True,False
322,1,1.0,Mrs. Patricia Taylor,female,32.5,0.0,0.0,764077,4.4921,S,1.0,1,False,False,False,True,True,False,False,False,True
323,1,3.0,Miss. Mary Johnson,female,6.4,0.0,0.0,93470,0.1678,S,1.0,1,True,False,False,False,True,False,False,False,True
324,0,3.0,Mr. George Moore,male,23.3,0.0,0.0,817342,20.6363,S,1.0,1,False,False,False,True,False,False,False,False,True
325,1,1.0,Mrs. Patricia Taylor,female,32.3,0.0,0.0,778378,54.4701,S,1.0,1,False,False,False,True,False,False,True,False,True
326,1,1.0,Mrs. Patricia Taylor,female,29.1,0.0,0.0,148213,11.7831,S,1.0,1,False,False,False,True,False,True,False,False,True
327,0,3.0,Mr. James Brown,male,29.9,0.0,0.0,55950,3.4921,Q,1.0,1,False,False,False,True,True,False,False,False,True
328,0,3.0,Miss. Mary Johnson,female,28.4,0.0,0.0,721083,35.0439,S,1.0,1,False,False,False,True,False,False,True,False,True
329,0,2.0,Mr. Charles Wilson,male,52.4,0.0,0.0,288369,39.2514,S,1.0,1,False,False,False,False,False,False,True,False,True
330,0,3.0,Mr. George Moore,male,27.1,2.5,0.0,503466,16.0827,S,3.5,0,False,False,False,True,False,False,False,False,False
331,0,1.0,Mr. George Moore,male,41.4,1.0,0.0,305103,55.2901,S,2.0,0,False,False,False,False,False,False,True,True,False
332,1,2.0,Miss. Linda Anderson,female,15.6,2.0,0.0,845624,14.6929,S,3.0,0,False,False,True,False,False,False,False,True,False
333,0,3.0,Miss. Mary Johnson,female,34.9,1.0,0.0,89711,48.0832,S,2.0,0,False,False,False,True,False,False,True,True,False
334,0,2.0,Mr. James Brown,male,26.0,0.0,0.0,151123,67.4933,S,1.0,1,False,False,False,True,False,False,True,False,True
335,0,3.0,Mr. Charles Wilson,male,33.2,0.0,0.0,212500,3.1514,S,1.0,1,False,False,False,True,True,False,False,False,True
336,0,2.0,Mr. John Smith,male,17.1,0.0,0.0,789572,33.3312,C,1.0,1,False,False,True,False,False,False,True,False,True
337,1,2.0,Mr. John Smith,male,54.4,0.0,0.0,275593,4.3941,S,1.0,1,False,False,False,False,True,False,False,False,True
338,1,3.0,Mrs. Barbara Thomas,female,25.3,0.0,0.0,968599,3.1227,S,1.0,1,False,False,False,True,True,False,False,False,True
339,0,2.0,Mrs. Patricia Taylor,female,26.9,0.0,0.0,376357,22.546,S,1.0,1,False,False,False,True,False,False,False,False,True
340,0,3.0,Mr. John Smith,male,44.2,0.0,0.0,694550,6.7495,C,1.0,1,False,False,False,False,False,True,False,False,True
341,0,1.0,Miss. Susan Jackson,female,35.6,0.0,0.0,634533,69.16345,S,1.0,1,False,False,False,False,False,False,True,False,True
342,0,1.0,Mr. George Moore,male,36.3,0.0,0.0,107069,7.8307,S,1.0,1,False,False,False,False,False,True,False,False,True
343,0,1.0,Mrs. Barbara Thomas,female,9.4,0.0,0.0,691501,60.1833,S,1.0,1,True,False,False,False,False,False,True,False,True
344,0,3.0,Mrs. Patricia Taylor,female,32.7,1.0,0.0,243597,32.5964,S,2.0,0,False,False,False,True,False,False,True,True,False
345,0,2.0,Mr. Charles Wilson,male,26.5,0.0,0.0,558196,46.8918,S,1.0,1,False,False,False,True,False,False,True,False,True
346,0,3.0,Mr. John Smith,male,39.6,0.0,0.0,376991,2.213,C,1.0,1,False,False,False,False,True,False,False,False,True
347,1,3.0,Miss. Susan Jackson,female,31.9,0.0,0.0,917342,69.16345,S,1.0,1,False,False,False,True,False,False,True,False,True
348,0,3.0,Mr. William Davis,male,54.5,0.0,0.0,788628,12.5486,S,1.0,1,False,False,False,False,False,True,False,False,True
349,0,1.0,Mr. Charles Wilson,male,27.0,0.0,0.0,959826,14.5852,S,1.0,1,False,False,False,True,False,False,False,False,True
350,1,3.0,Mr. William Davis,male,20.7,0.0,0.0,978214,44.7553,S,1.0,1,False,False,False,True,False,False,True,False,True
351,0,3.0,Mr. William Davis,male,36.0,0.0,0.0,810444,32.0081,S,1.0,1,False,False,False,False,False,False,True,False,True
352,1,3.0,Mr. George Moore,male,40.8,0.0,0.0,962393,2.3746,S,1.0,1,False,False,False,False,True,False,False,False,True
353,1,3.0,Mrs. Barbara Thomas,female,34.8,2.0,0.0,27412,1.6789,S,3.0,0,False,False,False,True,True,False,False,True,False
354,0,3.0,Miss. Linda Anderson,female,42.8,2.0,0.0,382174,1.1606,S,3.0,0,False,False,False,False,True,False,False,True,False
355,0,3.0,Mr. John Smith,male,41.5,0.0,0.0,821089,31.2232,S,1.0,1,False,False,False,False,False,False,True,False,True
356,1,1.0,Mrs. Patricia Taylor,female,25.8,0.0,0.0,277800,18.0772,S,1.0,1,False,False,False,True,False,False,False,False,True
357,0,1.0,Mr. James Brown,male,45.8,1.0,0.0,150039,45.2208,S,2.0,0,False,False,False,False,False,False,True,True,False
358,0,3.0,Miss. Susan Jackson,female,39.0,0.0,0.0,488174,7.7448,S,1.0,1,False,False,False,False,False,True,False,False,True
359,1,3.0,Mrs. Barbara Thomas,female,60.8,0.0,0.0,418980,11.8797,S,1.0,1,False,True,False,False,False,True,False,False,True
360,0,3.0,Mr. Charles Wilson,male,18.8,0.0,0.0,812305,69.16345,S,1.0,1,False,False,False,True,False,False,True,False,True
361,0,3.0,Mrs. Patricia Taylor,female,41.7,2.0,0.0,628773,3.3431,S,3.0,0,False,False,False,False,True,False,False,True,False
362,1,1.0,Mr. John Smith,male,14.9,0.0,0.0,905815,69.16345,S,1.0,1,False,False,True,False,False,False,True,False,True
363,0,1.0,Mr. James Brown,male,6.3,0.0,0.0,454246,69.16345,Q,1.0,1,True,False,False,False,False,False,True,False,True
364,0,3.0,Mrs. Patricia Taylor,female,0.4,1.0,0.0,208879,19.7602,S,2.0,0,True,False,False,False,False,False,False,True,False
365,1,2.0,Mr. Charles Wilson,male,37.5,0.0,0.0,535895,0.3918,S,1.0,1,False,False,False,False,True,False,False,False,True
366,0,1.0,Mr. William Davis,male,32.4,0.0,0.0,160595,33.2657,C,1.0,1,False,False,False,True,False,False,True,False,True
367,1,3.0,Mr. John Smith,male,22.8,2.5,0.0,582735,12.8538,C,3.5,0,False,False,False,True,False,True,False,False,False
368,1,1.0,Mrs. Barbara Thomas,female,25.9,0.0,0.0,59757,27.0351,S,1.0,1,False,False,False,True,False,False,False,False,True
369,0,3.0,Mr. James Brown,male,19.7,0.0,0.0,794402,31.2437,C,1.0,1,False,False,False,True,False,False,True,False,True
370,0,2.0,Mr. William Davis,male,31.0,0.0,0.0,260495,20.0964,S,1.0,1,False,False,False,True,False,False,False,False,True
371,0,3.0,Miss. Mary Johnson,female,41.2,0.0,0.0,758886,0.9701,S,1.0,1,False,False,False,False,True,False,False,False,True
372,0,2.0,Miss. Susan Jackson,female,29.5,0.0,0.0,865633,47.9391,S,1.0,1,False,False,False,True,False,False,True,False,True
373,0,3.0,Mr. John Smith,male,33.4,0.0,0.0,400909,41.1391,S,1.0,1,False,False,False,True,False,False,True,False,True
374,1,1.0,Mr. John Smith,male,24.2,0.0,0.0,222916,6.7954,S,1.0,1,False,False,False,True,False,True,False,False,True
375,0,1.0,Mr. James Brown,male,55.1,1.0,0.0,998892,63.8448,S,2.0,0,False,False,False,False,False,False,True,True,False
376,0,2.0,Mr. James Brown,male,14.9,0.0,0.0,801894,7.2299,Q,1.0,1,False,False,True,False,False,True,False,False,True
377,1,3.0,Mr. George Moore,male,19.6,0.0,0.0,388976,6.4865,C,1.0,1,False,False,False,True,False,True,False,False,True
378,0,3.0,Miss. Susan Jackson,female,22.6,0.0,0.0,172867,2.5743,C,1.0,1,False,False,False,True,True,False,False,False,True
379,1,2.0,Miss. Susan Jackson,female,35.2,1.0,0.0,735166,17.2584,C,2.0,0,False,False,False,False,False,False,False,True,False
380,0,3.0,Mr. Charles Wilson,male,28.9,0.0,0.0,320609,41.2047,Q,1.0,1,False,False,False,True,False,False,True,False,True
381,0,3.0,Mr. Charles Wilson,male,31.7,0.0,0.0,464325,9.091,S,1.0,1,False,False,False,True,False,True,False,False,True
382,1,3.0,Mrs. Patricia Taylor,female,32.1,0.0,0.0,100027,1.1252,S,1.0,1,False,False,False,True,True,False,False,False,True
383,1,1.0,Mr. James Brown,male,19.6,0.0,0.0,60528,69.16345,S,1.0,1,False,False,False,True,False,False,True,False,True
384,1,3.0,Miss. Susan Jackson,female,34.5,0.0,0.0,308374,5.4061,C,1.0,1,False,False,False,True,False,True,False,False,True
385,1,1.0,Mr. Charles Wilson,male,21.1,1.0,0.0,58242,69.16345,S,2.0,0,False,False,False,True,False,False,True,True,False
386,1,2.0,Mr. William Davis,male,32.0,0.0,0.0,469099,11.4072,C,1.0,1,False,False,False,True,False,True,False,False,True
387,0,3.0,Mrs. Barbara Thomas,female,31.1,0.0,0.0,124688,2.785,S,1.0,1,False,False,False,True,True,False,False,False,True
388,0,1.0,Mr. James Brown,male,37.4,0.0,0.0,501582,17.8153,S,1.0,1,False,False,False,False,False,False,False,False,True
389,1,3.0,Mrs. Barbara Thomas,female,0.4,1.0,0.0,536071,19.0361,C,2.0,0,True,False,False,False,False,False,False,True,False
390,1,3.0,Mr. James Brown,male,37.4,0.0,0.0,38390,4.0129,S,1.0,1,False,False,False,False,True,False,False,False,True
391,1,3.0,Mr. George Moore,male,44.9,0.0,0.0,673777,18.9503,S,1.0,1,False,False,False,False,False,False,False,False,True
392,0,3.0,Miss. Susan Jackson,female,27.2,0.0,0.0,82102,2.9969,S,1.0,1,False,False,False,True,True,False,False,False,True
393,0,1.0,Mr. George Moore,male,26.5,0.0,0.0,289570,32.6042,S,1.0,1,False,False,False,True,False,False,True,False,True
394,1,2.0,Miss. Linda Anderson,female,34.5,0.0,0.0,40750,12.528,S,1.0,1,False,False,False,True,False,True,False,False,True
395,0,3.0,Mr. William Davis,male,13.1,0.0,0.0,592476,37.2859,S,1.0,1,False,False,True,False,False,False,True,False,True
396,1,1.0,Mr. James Brown,male,9.9,0.0,0.0,283016,69.16345,S,1.0,1,True,False,False,False,False,False,True,False,True
397,1,2.0,Miss. Mary Johnson,female,40.0,0.0,0.0,628519,4.6354,S,1.0,1,False,False,False,False,True,False,False,False,True
398,0,1.0,Mr. William Davis,male,29.8,0.0,0.0,402004,37.2547,C,1.0,1,False,False,False,True,False,False,True,False,True
399,1,1.0,Mr. James Brown,male,45.1,0.0,0.0,713446,13.5923,S,1.0,1,False,False,False,False,False,False,False,False,True
400,1,2.0,Mr. Charles Wilson,male,16.5,0.0,0.0,601058,14.2664,S,1.0,1,False,False,True,False,False,False,False,False,True
401,0,1.0,Mr. George Moore,male,9.4,1.0,0.0,241360,51.8503,C,2.0,0,True,False,False,False,False,False,True,True,False
402,1,3.0,Mr. George Moore,male,29.9,2.5,0.0,235440,30.0328,S,3.5,0,False,False,False,True,False,False,False,False,False
403,0,3.0,Miss. Susan Jackson,female,35.8,2.5,0.0,920590,34.5714,C,3.5,0,False,False,False,False,False,False,True,False,False
404,1,3.0,Mrs. Patricia Taylor,female,42.0,1.0,0.0,879946,6.2895,S,2.0,0,False,False,False,False,False,True,False,True,False
405,0,1.0,Miss. Susan Jackson,female,32.2,0.0,0.0,753537,56.8477,S,1.0,1,False,False,False,True,False,False,True,False,True
406,1,1.0,Miss. Linda Anderson,female,32.1,1.0,0.0,102663,69.16345,S,2.0,0,False,False,False,True,False,False,True,True,False
407,0,1.0,Mrs. Barbara Thomas,female,24.1,0.0,0.0,700080,69.16345,Q,1.0,1,False,False,False,True,False,False,True,False,True
408,0,3.0,Miss. Susan Jackson,female,52.8,0.0,0.0,683439,0.0476,C,1.0,1,False,False,False,False,True,False,False,False,True
409,1,3.0,Mr. James Brown,male,13.7,0.0,0.0,944842,5.0148,S,1.0,1,False,False,True,False,True,False,False,False,True
410,0,1.0,Mrs. Barbara Thomas,female,34.9,0.0,0.0,668651,46.0144,S,1.0,1,False,False,False,True,False,False,True,False,True
411,0,3.0,Miss. Susan Jackson,female,15.4,1.0,0.0,215156,3.393,C,2.0,0,False,False,True,False,True,False,False,True,False
412,1,1.0,Mr. John Smith,male,37.5,0.0,0.0,122808,18.6991,S,1.0,1,False,False,False,False,False,False,False,False,True
413,1,3.0,Mr. George Moore,male,27.7,0.0,0.0,120091,0.5007,C,1.0,1,False,False,False,True,True,False,False,False,True
414,0,3.0,Mr. William Davis,male,40.5,2.0,0.0,895704,13.4037,S,3.0,0,False,False,False,False,False,True,False,True,False
415,1,3.0,Mr. Charles Wilson,male,31.3,0.0,0.0,583681,3.9585,S,1.0,1,False,False,False,True,True,False,False,False,True
416,0,3.0,Miss. Linda Anderson,female,55.0,0.0,0.0,627846,0.699,S,1.0,1,False,False,False,False,True,False,False,False,True
417,0,3.0,Mr. John Smith,male,25.6,1.0,0.0,79770,3.4143,S,2.0,0,False,False,False,True,True,False,False,True,False
418,0,2.0,Mr. John Smith,male,29.6,0.0,0.0,823152,32.3811,S,1.0,1,False,False,False,True,False,False,True,False,True
419,1,3.0,Miss. Linda Anderson,female,18.4,0.0,0.0,809800,24.7923,Q,1.0,1,False,False,False,True,False,False,False,False,True
420,1,1.0,Mr. Charles Wilson,male,33.4,0.0,0.0,195385,55.4266,S,1.0,1,False,False,False,True,False,False,True,False,True
421,1,3.0,Mr. John Smith,male,31.2,0.0,0.0,844401,6.9937,S,1.0,1,False,False,False,True,False,True,False,False,True
422,1,3.0,Mr. John Smith,male,7.6,1.0,0.0,58838,49.5311,S,2.0,0,True,False,False,False,False,False,True,True,False
423,0,3.0,Miss. Susan Jackson,female,9.1,0.0,0.0,543022,2.91,S,1.0,1,True,False,False,False,True,False,False,False,True
424,0,3.0,Mrs. Patricia Taylor,female,38.4,0.0,0.0,641475,3.1529,C,1.0,1,False,False,False,False,True,False,False,False,True
425,0,3.0,Mr. John Smith,male,27.6,0.0,0.0,109329,4.4866,C,1.0,1,False,False,False,True,True,False,False,False,True
426,0,3.0,Mrs. Barbara Thomas,female,21.1,0.0,0.0,530146,2.4655,S,1.0,1,False,False,False,True,True,False,False,False,True
427,0,3.0,Mr. Charles Wilson,male,19.0,2.5,0.0,415413,6.2012,Q,3.5,0,False,False,False,True,False,True,False,False,False
428,1,1.0,Miss. Susan Jackson,female,19.6,0.0,0.0,865327,69.16345,C,1.0,1,False,False,False,True,False,False,True,False,True
429,0,1.0,Mrs. Barbara Thomas,female,31.3,0.0,0.0,768921,69.16345,C,1.0,1,False,False,False,True,False,False,True,False,True
430,0,2.0,Miss. Susan Jackson,female,36.2,0.0,0.0,130424,10.6187,S,1.0,1,False,False,False,False,False,True,False,False,True
431,0,1.0,Mr. John Smith,male,28.7,1.0,0.0,984335,69.16345,C,2.0,0,False,False,False,True,False,False,True,True,False
432,1,3.0,Miss. Mary Johnson,female,50.2,2.0,0.0,897687,0.6458,S,3.0,0,False,False,False,False,True,False,False,True,False
433,1,1.0,Miss. Mary Johnson,female,49.2,0.0,0.0,330217,19.83,S,1.0,1,False,False,False,False,False,False,False,False,True
434,0,3.0,Mr. John Smith,male,0.4,0.0,0.0,738285,10.8479,C,1.0,1,True,False,False,False,False,True,False,False,True
435,0,2.0,Mrs. Patricia Taylor,female,30.4,0.0,0.0,254042,19.119,S,1.0,1,False,False,False,True,False,False,False,False,True
436,1,1.0,Mr. James Brown,male,45.0,1.0,0.0,745848,3.3903,S,2.0,0,False,False,False,False,True,False,False,True,False
437,0,3.0,Miss. Mary Johnson,female,29.7,0.0,0.0,235683,6.7067,C,1.0,1,False,False,False,True,False,True,False,False,True
438,1,3.0,Mr. Charles Wilson,male,28.1,1.0,0.0,225547,13.6163,C,2.0,0,False,False,False,True,False,False,False,True,False
439,1,3.0,Miss. Susan Jackson,female,44.4,0.0,0.0,253603,15.5683,S,1.0,1,False,False,False,False,False,False,False,False,True
440,0,3.0,Mr. William Davis,male,26.2,1.0,0.0,715662,13.2145,C,2.0,0,False,False,False,True,False,True,False,True,False
441,0,3.0,Mr. George Moore,male,37.7,0.0,0.0,812056,5.0244,S,1.0,1,False,False,False,False,True,False,False,False,True
442,1,1.0,Mr. William Davis,male,61.9,0.0,0.0,208343,8.2477,S,1.0,1,False,True,False,False,False,True,False,False,True
443,0,3.0,Mr. William Davis,male,33.4,0.0,0.0,296459,7.2419,C,1.0,1,False,False,False,True,False,True,False,False,True
444,0,3.0,Mr. John Smith,male,26.5,0.0,0.0,289566,1.7918,S,1.0,1,False,False,False,True,True,False,False,False,True
445,1,3.0,Mr. William Davis,male,24.8,1.0,0.0,704497,38.3409,S,2.0,0,False,False,False,True,False,False,True,True,False
446,1,1.0,Mr. John Smith,male,18.3,1.0,0.0,82663,54.1533,S,2.0,0,False,False,False,True,False,False,True,True,False
447,1,3.0,Mr. James Brown,male,36.0,0.0,0.0,111216,4.9613,S,1.0,1,False,False,False,False,True,False,False,False,True
448,1,1.0,Mr. Charles Wilson,male,18.0,0.0,0.0,975736,69.16345,S,1.0,1,False,False,True,False,False,False,True,False,True
449,0,1.0,Miss. Linda Anderson,female,22.8,0.0,0.0,784888,57.8804,C,1.0,1,False,False,False,True,False,False,True,False,True
450,0,2.0,Mr. Charles Wilson,male,11.1,1.0,0.0,266492,7.4223,C,2.0,0,True,False,False,False,False,True,False,True,False
451,1,3.0,Miss. Mary Johnson,female,22.7,0.0,0.0,481358,21.7248,S,1.0,1,False,False,False,True,False,False,False,False,True
452,0,3.0,Miss. Linda Anderson,female,32.3,0.0,0.0,304887,26.2412,C,1.0,1,False,False,False,True,False,False,False,False,True
453,0,3.0,Miss. Susan Jackson,female,0.4,0.0,0.0,502762,14.5317,S,1.0,1,True,False,False,False,False,False,False,False,True
454,1,3.0,Mr. James Brown,male,33.5,0.0,0.0,418852,0.6253,S,1.0,1,False,False,False,True,True,False,False,False,True
455,0,2.0,Mrs. Patricia Taylor,female,29.0,0.0,0.0,494100,16.7091,C,1.0,1,False,False,False,True,False,False,False,False,True
456,0,2.0,Mr. William Davis,male,26.6,0.0,0.0,544396,28.8188,S,1.0,1,False,False,False,True,False,False,False,False,True
457,0,2.0,Mr. James Brown,male,59.1,0.0,0.0,214706,2.9353,S,1.0,1,False,False,False,False,True,False,False,False,True
458,0,3.0,Mr. George Moore,male,43.6,2.5,0.0,570468,3.3753,S,3.5,0,False,False,False,False,True,False,False,False,False
459,0,1.0,Mrs. Barbara Thomas,female,13.8,0.0,0.0,291027,69.16345,S,1.0,1,False,False,True,False,False,False,True,False,True
460,0,3.0,Mr. George Moore,male,41.9,0.0,0.0,578688,0.2642,C,1.0,1,False,False,False,False,True,False,False,False,True
461,0,3.0,Mr. James Brown,male,47.7,0.0,0.0,187071,18.1644,S,1.0,1,False,False,False,False,False,False,False,False,True
462,1,2.0,Mrs. Barbara Thomas,female,30.8,1.0,0.0,582239,12.8405,S,2.0,0,False,False,False,True,False,True,False,True,False
463,1,3.0,Miss. Susan Jackson,female,34.9,0.0,0.0,410376,7.6958,S,1.0,1,False,False,False,True,False,True,False,False,True
464,0,3.0,Mr. John Smith,male,40.5,0.0,0.0,851694,0.0926,S,1.0,1,False,False,False,False,True,False,False,False,True
465,1,3.0,Mr. John Smith,male,0.4,0.0,0.0,423145,22.249,S,1.0,1,True,False,False,False,False,False,False,False,True
466,0,3.0,Mrs. Barbara Thomas,female,27.0,0.0,0.0,879565,5.7982,S,1.0,1,False,False,False,True,False,True,False,False,True
467,0,2.0,Mr. Charles Wilson,male,23.9,0.0,0.0,676483,15.5639,C,1.0,1,False,False,False,True,False,False,False,False,True
468,1,2.0,Mr. Charles Wilson,male,50.4,1.0,0.0,387250,22.6207,C,2.0,0,False,False,False,False,False,False,False,True,False
469,0,3.0,Mr. John Smith,male,34.5,1.0,0.0,693717,15.7661,S,2.0,0,False,False,False,True,False,False,False,True,False
470,1,3.0,Miss. Susan Jackson,female,25.4,0.0,0.0,866928,40.6005,S,1.0,1,False,False,False,True,False,False,True,False,True
471,0,1.0,Mrs. Barbara Thomas,female,28.4,0.0,0.0,698916,63.6617,S,1.0,1,False,False,False,True,False,False,True,False,True
472,1,3.0,Miss. Mary Johnson,female,44.5,1.0,0.0,334078,6.6347,Q,2.0,0,False,False,False,False,False,True,False,True,False
473,0,3.0,Mrs. Barbara Thomas,female,27.0,0.0,0.0,875318,39.945,Q,1.0,1,False,False,False,True,False,False,True,False,True
474,1,3.0,Mr. Charles Wilson,male,19.6,1.0,0.0,40881,13.3579,S,2.0,0,False,False,False,True,False,True,False,True,False
475,0,1.0,Mr. Charles Wilson,male,34.5,0.0,0.0,814841,29.739,C,1.0,1,False,False,False,True,False,False,False,False,True
476,1,3.0,Mr. John Smith,male,43.3,2.0,0.0,982920,1.7577,S,3.0,0,False,False,False,False,True,False,False,True,False
477,0,3.0,Mr. George Moore,male,36.9,1.0,0.0,108171,24.0328,S,2.0,0,False,False,False,False,False,False,False,True,False
478,0,1.0,Mr. John Smith,male,30.3,2.0,0.0,995486,37.7749,S,3.0,0,False,False,False,True,False,False,True,True,False
480,0,3.0,Mr. Charles Wilson,male,27.8,0.0,0.0,958161,8.2735,S,1.0,1,False,False,False,True,False,True,False,False,True
481,1,1.0,Miss. Linda Anderson,female,28.6,2.0,0.0,227815,18.6318,S,3.0,0,False,False,False,True,False,False,False,True,False
482,1,3.0,Mr. William Davis,male,20.1,0.0,0.0,321095,11.9667,S,1.0,1,False,False,False,True,False,True,False,False,True
483,0,3.0,Mr. William Davis,male,25.4,0.0,0.0,280896,0.8138,S,1.0,1,False,False,False,True,True,False,False,False,True
484,1,2.0,Mr. John Smith,male,21.7,1.0,0.0,651627,10.6663,S,2.0,0,False,False,False,True,False,True,False,True,False
485,0,3.0,Mr. Charles Wilson,male,14.1,1.0,0.0,416656,10.2832,S,2.0,0,False,False,True,False,False,True,False,True,False
486,1,3.0,Miss. Linda Anderson,female,19.7,2.0,0.0,54864,7.4462,S,3.0,0,False,False,False,True,False,True,False,True,False
487,0,3.0,Mr. James Brown,male,11.5,0.0,0.0,715051,17.953,S,1.0,1,True,False,False,False,False,False,False,False,True
488,0,2.0,Mr. James Brown,male,8.4,1.0,0.0,606323,35.1965,S,2.0,0,True,False,False,False,False,False,True,True,False
489,1,3.0,Mr. James Brown,male,18.7,1.0,0.0,96675,19.1762,S,2.0,0,False,False,False,True,False,False,False,True,False
490,1,1.0,Mr. George Moore,male,20.7,0.0,0.0,294487,3.3252,S,1.0,1,False,False,False,True,True,False,False,False,True
491,0,2.0,Mr. Charles Wilson,male,55.2,0.0,0.0,234320,4.3166,S,1.0,1,False,False,False,False,True,False,False,False,True
492,1,3.0,Miss. Mary Johnson,female,25.6,0.0,0.0,553961,9.9994,S,1.0,1,False,False,False,True,False,True,False,False,True
493,0,2.0,Miss. Mary Johnson,female,48.4,0.0,0.0,201026,54.6127,S,1.0,1,False,False,False,False,False,False,True,False,True
494,0,3.0,Mr. Charles Wilson,male,43.7,2.5,0.0,195770,23.4201,C,3.5,0,False,False,False,False,False,False,False,False,False
495,0,2.0,Miss. Susan Jackson,female,26.7,0.0,0.0,367168,36.971,S,1.0,1,False,False,False,True,False,False,True,False,True
496,0,3.0,Mr. Charles Wilson,male,21.9,1.0,0.0,560808,4.6965,S,2.0,0,False,False,False,True,True,False,False,True,False
497,0,1.0,Mr. George Moore,male,33.6,2.5,0.0,512857,47.1367,S,3.5,0,False,False,False,True,False,False,True,False,False
498,0,3.0,Mr. William Davis,male,51.6,0.0,0.0,779483,8.2707,S,1.0,1,False,False,False,False,False,True,False,False,True
499,1,3.0,Mr. William Davis,male,34.1,1.0,0.0,812216,2.226,S,2.0,0,False,False,False,True,True,False,False,True,False
500,1,2.0,Mr. George Moore,male,35.7,0.0,0.0,389590,0.6312,S,1.0,1,False,False,False,False,True,False,False,False,True
501,1,1.0,Mr. Charles Wilson,male,34.7,1.0,0.0,48079,69.16345,S,2.0,0,False,False,False,True,False,False,True,True,False
502,0,1.0,Mr. William Davis,male,38.7,0.0,0.0,54220,23.1315,Q,1.0,1,False,False,False,False,False,False,False,False,True
503,0,3.0,Mr. Charles Wilson,male,13.1,2.5,0.0,161563,3.5668,S,3.5,0,False,False,True,False,True,False,False,False,False
504,1,2.0,Mr. William Davis,male,30.5,0.0,0.0,122878,1.7412,S,1.0,1,False,False,False,True,True,False,False,False,True
505,1,3.0,Mrs. Barbara Thomas,female,45.3,0.0,0.0,126583,34.2962,S,1.0,1,False,False,False,False,False,False,True,False,True
506,0,2.0,Mr. Charles Wilson,male,51.8,1.0,0.0,58720,17.3375,Q,2.0,0,False,False,False,False,False,False,False,True,False
507,1,2.0,Mr. James Brown,male,19.3,0.0,0.0,241876,21.9945,C,1.0,1,False,False,False,True,False,False,False,False,True
508,1,3.0,Mr. George Moore,male,37.4,0.0,0.0,549006,31.5331,S,1.0,1,False,False,False,False,False,False,True,False,True
509,1,3.0,Mr. John Smith,male,31.9,0.0,0.0,438813,5.5129,C,1.0,1,False,False,False,True,False,True,False,False,True
510,1,1.0,Mr. George Moore,male,34.8,1.0,0.0,857649,69.16345,S,2.0,0,False,False,False,True,False,False,True,True,False
511,0,1.0,Mr. Charles Wilson,male,34.9,0.0,0.0,501567,3.3241,C,1.0,1,False,False,False,True,True,False,False,False,True
512,0,1.0,Mr. Charles Wilson,male,29.5,0.0,0.0,372812,17.3665,C,1.0,1,False,False,False,True,False,False,False,False,True
513,1,3.0,Mr. George Moore,male,37.6,0.0,0.0,692192,23.1311,S,1.0,1,False,False,False,False,False,False,False,False,True
514,1,3.0,Mr. Charles Wilson,male,50.6,0.0,0.0,982322,18.9244,S,1.0,1,False,False,False,False,False,False,False,False,True
515,0,3.0,Mr. William Davis,male,29.8,0.0,0.0,762758,5.613,S,1.0,1,False,False,False,True,False,True,False,False,True
516,0,3.0,Mr. Charles Wilson,male,34.2,0.0,0.0,416080,6.1478,S,1.0,1,False,False,False,True,False,True,False,False,True
517,0,3.0,Mr. George Moore,male,56.7,0.0,0.0,622666,9.914,S,1.0,1,False,False,False,False,False,True,False,False,True
518,1,3.0,Mr. George Moore,male,45.8,0.0,0.0,18177,0.0031,C,1.0,1,False,False,False,False,True,False,False,False,True
519,1,3.0,Miss. Susan Jackson,female,33.2,0.0,0.0,711475,3.589,S,1.0,1,False,False,False,True,True,False,False,False,True
520,0,1.0,Mr. James Brown,male,12.1,1.0,0.0,394462,19.6129,S,2.0,0,False,False,True,False,False,False,False,True,False
521,0,1.0,Mr. James Brown,male,15.4,0.0,0.0,771595,24.2194,S,1.0,1,False,False,True,False,False,False,False,False,True
522,0,2.0,Mr. James Brown,male,43.2,0.0,0.0,459426,32.7882,S,1.0,1,False,False,False,False,False,False,True,False,True
523,1,1.0,Mrs. Patricia Taylor,female,20.6,0.0,0.0,455170,27.5563,S,1.0,1,False,False,False,True,False,False,False,False,True
524,1,3.0,Mr. James Brown,male,15.1,0.0,0.0,645433,2.7638,S,1.0,1,False,False,True,False,True,False,False,False,True
525,1,3.0,Mr. James Brown,male,18.9,1.0,0.0,939348,9.1222,S,2.0,0,False,False,False,True,False,True,False,True,False
526,0,1.0,Mr. James Brown,male,19.7,0.0,0.0,739490,69.16345,S,1.0,1,False,False,False,True,False,False,True,False,True
527,0,1.0,Mr. George Moore,male,42.0,0.0,0.0,547706,23.202,S,1.0,1,False,False,False,False,False,False,False,False,True
528,0,3.0,Mr. John Smith,male,27.4,0.0,0.0,175926,1.0633,Q,1.0,1,False,False,False,True,True,False,False,False,True
529,0,3.0,Mr. James Brown,male,9.8,1.0,0.0,622363,5.7289,S,2.0,0,True,False,False,False,False,True,False,True,False
530,1,2.0,Miss. Susan Jackson,female,30.2,0.0,0.0,513122,27.5389,S,1.0,1,False,False,False,True,False,False,False,False,True
531,1,3.0,Mr. John Smith,male,32.9,0.0,0.0,971454,10.4006,S,1.0,1,False,False,False,True,False,True,False,False,True
532,1,1.0,Mrs. Patricia Taylor,female,22.7,0.0,0.0,337371,69.16345,S,1.0,1,False,False,False,True,False,False,True,False,True
533,1,1.0,Miss. Mary Johnson,female,46.5,2.5,0.0,416051,69.16345,S,3.5,0,False,False,False,False,False,False,True,False,False
534,0,3.0,Mr. John Smith,male,23.6,0.0,0.0,289677,20.4543,S,1.0,1,False,False,False,True,False,False,False,False,True
535,1,3.0,Mr. William Davis,male,45.8,0.0,0.0,517966,12.036,S,1.0,1,False,False,False,False,False,True,False,False,True
536,1,1.0,Mr. Charles Wilson,male,38.4,1.0,0.0,498267,57.1131,C,2.0,0,False,False,False,False,False,False,True,True,False
537,1,3.0,Mr. William Davis,male,43.1,1.0,0.0,897889,0.5316,S,2.0,0,False,False,False,False,True,False,False,True,False
538,0,3.0,Mr. John Smith,male,13.8,0.0,0.0,379648,54.0214,S,1.0,1,False,False,True,False,False,False,True,False,True
539,0,3.0,Miss. Susan Jackson,female,31.1,1.0,0.0,228930,69.16345,C,2.0,0,False,False,False,True,False,False,True,True,False
540,0,3.0,Mrs. Patricia Taylor,female,28.9,1.0,0.0,413439,2.1469,S,2.0,0,False,False,False,True,True,False,False,True,False
541,1,3.0,Mr. Charles Wilson,male,9.1,0.0,0.0,658490,14.2836,S,1.0,1,True,False,False,False,False,False,False,False,True
542,0,3.0,Mr. James Brown,male,45.7,0.0,0.0,544561,4.3482,S,1.0,1,False,False,False,False,True,False,False,False,True
543,0,3.0,Miss. Susan Jackson,female,38.2,0.0,0.0,567807,11.4576,S,1.0,1,False,False,False,False,False,True,False,False,True
544,1,1.0,Mrs. Barbara Thomas,female,30.4,2.5,0.0,689520,69.16345,C,3.5,0,False,False,False,True,False,False,True,False,False
545,1,1.0,Miss. Linda Anderson,female,15.0,1.0,0.0,923456,49.5687,S,2.0,0,False,False,True,False,False,False,True,True,False
546,0,2.0,Mr. John Smith,male,39.9,0.0,0.0,477601,36.1722,C,1.0,1,False,False,False,False,False,False,True,False,True
547,0,3.0,Mr. George Moore,male,7.6,1.0,0.0,920972,4.0019,Q,2.0,0,True,False,False,False,True,False,False,True,False
548,1,1.0,Mr. John Smith,male,38.7,0.0,0.0,518604,50.0097,Q,1.0,1,False,False,False,False,False,False,True,False,True
549,0,3.0,Mr. John Smith,male,44.8,0.0,0.0,494408,10.0298,C,1.0,1,False,False,False,False,False,True,False,False,True
550,1,3.0,Mr. James Brown,male,17.4,0.0,0.0,190060,14.1639,S,1.0,1,False,False,True,False,False,False,False,False,True
551,0,1.0,Mr. George Moore,male,40.0,0.0,0.0,413564,69.16345,S,1.0,1,False,False,False,False,False,False,True,False,True
552,1,3.0,Miss. Mary Johnson,female,25.6,1.0,0.0,617748,6.5287,S,2.0,0,False,False,False,True,False,True,False,True,False
553,0,3.0,Mr. William Davis,male,27.2,0.0,0.0,258792,13.5017,S,1.0,1,False,False,False,True,False,True,False,False,True
554,0,3.0,Mr. Charles Wilson,male,50.5,1.0,0.0,638759,2.1221,C,2.0,0,False,False,False,False,True,False,False,True,False
555,1,1.0,Mr. George Moore,male,23.0,0.0,0.0,638956,69.16345,S,1.0,1,False,False,False,True,False,False,True,False,True
556,0,3.0,Mr. James Brown,male,24.7,0.0,0.0,863951,6.2788,Q,1.0,1,False,False,False,True,False,True,False,False,True
557,0,3.0,Mr. George Moore,male,24.9,2.5,0.0,362570,16.9983,C,3.5,0,False,False,False,True,False,False,False,False,False
558,0,3.0,Mr. James Brown,male,36.8,0.0,0.0,24629,0.2672,Q,1.0,1,False,False,False,False,True,False,False,False,True
559,1,3.0,Mrs. Barbara Thomas,female,21.9,0.0,0.0,845488,2.9854,C,1.0,1,False,False,False,True,True,False,False,False,True
560,1,3.0,Mr. William Davis,male,30.7,0.0,0.0,807705,8.6793,S,1.0,1,False,False,False,True,False,True,False,False,True
561,1,3.0,Mr. John Smith,male,11.8,1.0,0.0,130484,27.3755,S,2.0,0,True,False,False,False,False,False,False,True,False
562,0,3.0,Mr. George Moore,male,44.5,0.0,0.0,107275,9.7396,S,1.0,1,False,False,False,False,False,True,False,False,True
563,0,3.0,Mrs. Patricia Taylor,female,39.4,0.0,0.0,443632,34.5463,S,1.0,1,False,False,False,False,False,False,True,False,True
564,0,1.0,Mrs. Barbara Thomas,female,33.4,0.0,0.0,148966,55.5454,S,1.0,1,False,False,False,True,False,False,True,False,True
565,0,3.0,Miss. Mary Johnson,female,31.0,0.0,0.0,56073,8.7649,C,1.0,1,False,False,False,True,False,True,False,False,True
566,0,3.0,Mr. Charles Wilson,male,39.0,1.0,0.0,579981,1.6581,C,2.0,0,False,False,False,False,True,False,False,True,False
567,0,3.0,Mr. William Davis,male,19.4,0.0,0.0,716826,21.0965,S,1.0,1,False,False,False,True,False,False,False,False,True
568,0,1.0,Mr. John Smith,male,31.5,0.0,0.0,820775,23.8261,S,1.0,1,False,False,False,True,False,False,False,False,True
569,1,3.0,Mr. John Smith,male,46.5,0.0,0.0,577383,29.8833,S,1.0,1,False,False,False,False,False,False,False,False,True
570,0,2.0,Miss. Mary Johnson,female,17.9,0.0,0.0,172246,48.3429,S,1.0,1,False,False,True,False,False,False,True,False,True
571,0,3.0,Mr. James Brown,male,33.9,2.0,0.0,978305,37.3121,S,3.0,0,False,False,False,True,False,False,True,True,False
572,1,1.0,Miss. Mary Johnson,female,27.3,0.0,0.0,132388,61.6938,S,1.0,1,False,False,False,True,False,False,True,False,True
573,0,3.0,Mrs. Barbara Thomas,female,26.8,2.5,0.0,250787,14.6951,S,3.5,0,False,False,False,True,False,False,False,False,False
574,1,3.0,Mr. James Brown,male,34.9,0.0,0.0,213508,19.5963,S,1.0,1,False,False,False,True,False,False,False,False,True
575,1,1.0,Miss. Mary Johnson,female,47.3,0.0,0.0,124441,11.796,S,1.0,1,False,False,False,False,False,True,False,False,True
576,1,3.0,Mr. Charles Wilson,male,21.0,1.0,0.0,996840,11.9429,S,2.0,0,False,False,False,True,False,True,False,True,False
577,0,2.0,Mr. Charles Wilson,male,33.2,0.0,0.0,635070,0.698,S,1.0,1,False,False,False,True,True,False,False,False,True
578,1,3.0,Mr. George Moore,male,39.0,1.0,0.0,792307,8.9478,S,2.0,0,False,False,False,False,False,True,False,True,False
579,0,3.0,Mr. Charles Wilson,male,12.3,2.5,0.0,249343,2.187,S,3.5,0,False,False,True,False,True,False,False,False,False
580,0,3.0,Mr. William Davis,male,39.7,0.0,0.0,446142,2.6263,Q,1.0,1,False,False,False,False,True,False,False,False,True
581,0,3.0,Mr. John Smith,male,24.6,0.0,0.0,869022,5.9047,S,1.0,1,False,False,False,True,False,True,False,False,True
582,1,3.0,Mr. John Smith,male,18.1,1.0,0.0,442043,7.3632,S,2.0,0,False,False,False,True,False,True,False,True,False
583,0,2.0,Mr. John Smith,male,42.6,0.0,0.0,642551,19.5194,C,1.0,1,False,False,False,False,False,False,False,False,True
584,0,2.0,Mr. Charles Wilson,male,30.0,0.0,0.0,447991,1.5469,S,1.0,1,False,False,False,True,True,False,False,False,True
585,1,3.0,Mr. Charles Wilson,male,43.7,0.0,0.0,444417,9.1073,Q,1.0,1,False,False,False,False,False,True,False,False,True
586,0,3.0,Mr. John Smith,male,34.5,0.0,0.0,825805,2.6215,S,1.0,1,False,False,False,True,True,False,False,False,True
587,0,3.0,Mr. James Brown,male,53.4,1.0,0.0,299669,11.0923,S,2.0,0,False,False,False,False,False,True,False,True,False
588,0,3.0,Mrs. Patricia Taylor,female,55.1,0.0,0.0,399860,13.1881,S,1.0,1,False,False,False,False,False,True,False,False,True
589,0,2.0,Miss. Linda Anderson,female,55.3,0.0,0.0,376657,16.2706,S,1.0,1,False,False,False,False,False,False,False,False,True
590,0,3.0,Miss. Susan Jackson,female,22.6,0.0,0.0,663689,17.427,S,1.0,1,False,False,False,True,False,False,False,False,True
591,0,1.0,Miss. Linda Anderson,female,21.9,0.0,0.0,106643,34.3463,S,1.0,1,False,False,False,True,False,False,True,False,True
592,1,3.0,Mr. John Smith,male,21.7,0.0,0.0,695846,18.8321,S,1.0,1,False,False,False,True,False,False,False,False,True
593,0,1.0,Miss. Mary Johnson,female,39.9,1.0,0.0,481820,47.6268,S,2.0,0,False,False,False,False,False,False,True,True,False
594,0,2.0,Mr. John Smith,male,37.1,0.0,0.0,159712,13.2401,S,1.0,1,False,False,False,False,False,True,False,False,True
595,1,2.0,Mr. George Moore,male,23.0,1.0,0.0,369838,20.8883,S,2.0,0,False,False,False,True,False,False,False,True,False
596,0,2.0,Mrs. Barbara Thomas,female,37.8,1.0,0.0,202527,0.3706,S,2.0,0,False,False,False,False,True,False,False,True,False
597,1,3.0,Mr. George Moore,male,8.4,0.0,0.0,570424,13.7969,S,1.0,1,True,False,False,False,False,False,False,False,True
598,0,2.0,Miss. Linda Anderson,female,31.7,0.0,0.0,989929,19.2774,S,1.0,1,False,False,False,True,False,False,False,False,True
599,0,3.0,Mrs. Barbara Thomas,female,45.9,0.0,0.0,66539,4.8209,S,1.0,1,False,False,False,False,True,False,False,False,True
600,0,2.0,Mrs. Barbara Thomas,female,37.7,0.0,0.0,222736,1.794,S,1.0,1,False,False,False,False,True,False,False,False,True
601,0,2.0,Miss. Linda Anderson,female,35.8,1.0,0.0,428158,1.9068,S,2.0,0,False,False,False,False,True,False,False,True,False
602,0,1.0,Mr. Charles Wilson,male,52.9,1.0,0.0,78363,69.16345,S,2.0,0,False,False,False,False,False,False,True,True,False
603,0,1.0,Mr. James Brown,male,41.7,0.0,0.0,199668,69.16345,S,1.0,1,False,False,False,False,False,False,True,False,True
604,0,3.0,Mr. William Davis,male,34.2,0.0,0.0,615814,1.7672,Q,1.0,1,False,False,False,True,True,False,False,False,True
605,0,3.0,Mr. William Davis,male,46.9,2.0,0.0,307399,5.7353,S,3.0,0,False,False,False,False,False,True,False,True,False
606,0,3.0,Mr. James Brown,male,46.7,2.5,0.0,203201,11.6697,S,3.5,0,False,False,False,False,False,True,False,False,False
607,0,3.0,Miss. Susan Jackson,female,37.8,0.0,0.0,488739,23.4686,S,1.0,1,False,False,False,False,False,False,False,False,True
608,0,2.0,Miss. Susan Jackson,female,27.4,0.0,0.0,652497,0.8929,C,1.0,1,False,False,False,True,True,False,False,False,True
609,0,3.0,Mr. George Moore,male,29.7,0.0,0.0,252723,3.5102,S,1.0,1,False,False,False,True,True,False,False,False,True
610,1,3.0,Mr. Charles Wilson,male,11.2,2.5,0.0,989790,28.6649,Q,3.5,0,True,False,False,False,False,False,False,False,False
611,0,3.0,Mr. James Brown,male,40.5,0.0,0.0,620725,0.1197,Q,1.0,1,False,False,False,False,True,False,False,False,True
612,1,1.0,Mr. William Davis,male,39.2,0.0,0.0,157349,18.8911,S,1.0,1,False,False,False,False,False,False,False,False,True
613,1,2.0,Miss. Linda Anderson,female,10.7,0.0,0.0,667003,63.8955,Q,1.0,1,True,False,False,False,False,False,True,False,True
614,0,2.0,Mr. William Davis,male,42.3,0.0,0.0,912332,19.0074,S,1.0,1,False,False,False,False,False,False,False,False,True
615,1,2.0,Mr. Charles Wilson,male,35.6,0.0,0.0,820161,6.0673,C,1.0,1,False,False,False,False,False,True,False,False,True
616,1,3.0,Mr. Charles Wilson,male,14.9,2.5,0.0,818250,0.9014,S,3.5,0,False,False,True,False,True,False,False,False,False
617,0,3.0,Mr. George Moore,male,12.2,0.0,0.0,75555,0.3718,S,1.0,1,False,False,True,False,True,False,False,False,True
618,0,3.0,Mr. Charles Wilson,male,34.8,0.0,0.0,633267,3.6491,S,1.0,1,False,False,False,True,True,False,False,False,True
619,1,3.0,Mr. George Moore,male,23.9,0.0,0.0,63629,27.7254,C,1.0,1,False,False,False,True,False,False,False,False,True
620,1,3.0,Mr. George Moore,male,56.1,0.0,0.0,649584,6.9902,S,1.0,1,False,False,False,False,False,True,False,False,True
621,0,3.0,Mr. William Davis,male,43.5,0.0,0.0,327582,16.564,S,1.0,1,False,False,False,False,False,False,False,False,True
622,0,3.0,Mr. Charles Wilson,male,36.6,0.0,0.0,780109,32.5587,S,1.0,1,False,False,False,False,False,False,True,False,True
623,0,1.0,Miss. Susan Jackson,female,37.3,0.0,0.0,281601,44.0426,S,1.0,1,False,False,False,False,False,False,True,False,True
624,0,1.0,Mr. James Brown,male,49.0,0.0,0.0,200701,17.8331,S,1.0,1,False,False,False,False,False,False,False,False,True
625,1,1.0,Mr. James Brown,male,42.0,0.0,0.0,306066,61.1506,S,1.0,1,False,False,False,False,False,False,True,False,True
626,0,3.0,Mr. Charles Wilson,male,36.9,0.0,0.0,413036,31.0294,S,1.0,1,False,False,False,False,False,False,True,False,True
627,0,3.0,Miss. Linda Anderson,female,15.5,2.5,0.0,435966,21.2102,S,3.5,0,False,False,True,False,False,False,False,False,False
628,1,2.0,Mr. William Davis,male,61.95,2.0,0.0,380266,1.3619,S,3.0,0,False,True,False,False,True,False,False,True,False
629,0,3.0,Miss. Susan Jackson,female,13.7,0.0,0.0,112020,15.3337,S,1.0,1,False,False,True,False,False,False,False,False,True
630,0,1.0,Mr. Charles Wilson,male,32.9,0.0,0.0,244618,69.16345,S,1.0,1,False,False,False,True,False,False,True,False,True
631,1,3.0,Mr. James Brown,male,5.7,1.0,0.0,523463,30.9419,Q,2.0,0,True,False,False,False,False,False,True,True,False
632,1,2.0,Mr. George Moore,male,37.5,0.0,0.0,703150,2.6131,S,1.0,1,False,False,False,False,True,False,False,False,True
633,0,1.0,Mr. George Moore,male,31.9,1.0,0.0,884837,64.1464,Q,2.0,0,False,False,False,True,False,False,True,True,False
634,0,3.0,Miss. Mary Johnson,female,40.8,2.5,0.0,912562,27.5053,C,3.5,0,False,False,False,False,False,False,False,False,False
635,0,2.0,Mr. Charles Wilson,male,4.5,0.0,0.0,175493,10.5535,S,1.0,1,True,False,False,False,False,True,False,False,True
636,0,2.0,Mr. George Moore,male,45.8,0.0,0.0,864470,13.1554,S,1.0,1,False,False,False,False,False,True,False,False,True
637,0,2.0,Mr. James Brown,male,18.0,2.5,0.0,783317,1.4613,C,3.5,0,False,False,True,False,True,False,False,False,False
638,0,3.0,Mr. John Smith,male,27.5,0.0,0.0,223273,4.2371,S,1.0,1,False,False,False,True,True,False,False,False,True
639,0,3.0,Mr. James Brown,male,29.6,0.0,0.0,596613,5.1001,S,1.0,1,False,False,False,True,True,False,False,False,True
640,0,2.0,Mr. William Davis,male,33.5,0.0,0.0,297744,58.053,S,1.0,1,False,False,False,True,False,False,True,False,True
641,0,3.0,Miss. Mary Johnson,female,31.0,0.0,0.0,956898,4.3188,S,1.0,1,False,False,False,True,True,False,False,False,True
642,0,3.0,Mr. John Smith,male,41.3,1.0,0.0,220694,8.0314,C,2.0,0,False,False,False,False,False,True,False,True,False
643,0,2.0,Mr. George Moore,male,35.9,1.0,0.0,272051,22.2525,S,2.0,0,False,False,False,False,False,False,False,True,False
644,0,2.0,Miss. Linda Anderson,female,24.8,2.5,0.0,439387,3.5391,S,3.5,0,False,False,False,True,True,False,False,False,False
645,0,1.0,Mr. George Moore,male,27.3,0.0,0.0,764899,55.977,S,1.0,1,False,False,False,True,False,False,True,False,True
646,1,1.0,Mrs. Barbara Thomas,female,32.8,0.0,0.0,333670,69.16345,S,1.0,1,False,False,False,True,False,False,True,False,True
647,0,3.0,Mr. James Brown,male,29.1,0.0,0.0,784808,26.2121,S,1.0,1,False,False,False,True,False,False,False,False,True
648,1,1.0,Mrs. Patricia Taylor,female,44.1,0.0,0.0,23149,69.16345,S,1.0,1,False,False,False,False,False,False,True,False,True
649,1,3.0,Mr. George Moore,male,33.9,0.0,0.0,171466,14.3754,C,1.0,1,False,False,False,True,False,False,False,False,True
650,0,3.0,Mrs. Patricia Taylor,female,28.5,2.5,0.0,155468,1.755,S,3.5,0,False,False,False,True,True,False,False,False,False
651,0,1.0,Mrs. Patricia Taylor,female,34.7,1.0,0.0,426540,69.16345,C,2.0,0,False,False,False,True,False,False,True,True,False
652,0,3.0,Mr. Charles Wilson,male,28.0,0.0,0.0,188270,1.8489,S,1.0,1,False,False,False,True,True,False,False,False,True
653,0,2.0,Miss. Linda Anderson,female,27.1,0.0,0.0,122168,29.804,S,1.0,1,False,False,False,True,False,False,False,False,True
654,1,3.0,Mr. John Smith,male,22.7,0.0,0.0,517026,3.9993,S,1.0,1,False,False,False,True,True,False,False,False,True
655,0,3.0,Mr. George Moore,male,34.7,0.0,0.0,644101,35.2554,S,1.0,1,False,False,False,True,False,False,True,False,True
656,0,3.0,Mr. George Moore,male,34.2,1.0,0.0,363923,16.5467,S,2.0,0,False,False,False,True,False,False,False,True,False
657,0,3.0,Mr. Charles Wilson,male,20.0,0.0,0.0,266960,18.2217,S,1.0,1,False,False,False,True,False,False,False,False,True
658,0,1.0,Mr. Charles Wilson,male,27.1,2.5,0.0,958520,20.7695,S,3.5,0,False,False,False,True,False,False,False,False,False
659,1,3.0,Mr. John Smith,male,20.1,0.0,0.0,668554,7.6084,C,1.0,1,False,False,False,True,False,True,False,False,True
660,0,3.0,Mr. William Davis,male,19.5,0.0,0.0,304542,12.504,S,1.0,1,False,False,False,True,False,True,False,False,True
661,0,3.0,Miss. Susan Jackson,female,4.6,1.0,0.0,276933,19.1043,S,2.0,0,True,False,False,False,False,False,False,True,False
662,1,3.0,Mrs. Barbara Thomas,female,26.4,0.0,0.0,488911,1.427,S,1.0,1,False,False,False,True,True,False,False,False,True
663,0,3.0,Mr. George Moore,male,5.0,0.0,0.0,337111,42.6378,S,1.0,1,True,False,False,False,False,False,True,False,True
664,0,1.0,Mr. James Brown,male,25.4,0.0,0.0,774302,69.16345,S,1.0,1,False,False,False,True,False,False,True,False,True
665,0,1.0,Mr. George Moore,male,20.8,0.0,0.0,202206,26.4758,S,1.0,1,False,False,False,True,False,False,False,False,True
666,0,3.0,Mr. William Davis,male,45.0,1.0,0.0,271041,22.4933,Q,2.0,0,False,False,False,False,False,False,False,True,False
667,0,2.0,Mr. William Davis,male,15.0,0.0,0.0,211958,14.6097,C,1.0,1,False,False,True,False,False,False,False,False,True
668,0,3.0,Mr. George Moore,male,18.7,1.0,0.0,370981,8.054,S,2.0,0,False,False,False,True,False,True,False,True,False
669,0,3.0,Mr. James Brown,male,24.2,0.0,0.0,166049,4.9076,S,1.0,1,False,False,False,True,True,False,False,False,True
670,0,2.0,Miss. Linda Anderson,female,32.6,0.0,0.0,111967,17.3962,S,1.0,1,False,False,False,True,False,False,False,False,True
671,0,2.0,Mr. Charles Wilson,male,49.6,1.0,0.0,403345,26.1785,C,2.0,0,False,False,False,False,False,False,False,True,False
672,1,3.0,Mr. George Moore,male,13.2,0.0,0.0,331827,6.8798,S,1.0,1,False,False,True,False,False,True,False,False,True
673,0,2.0,Mr. James Brown,male,24.2,0.0,0.0,317475,19.8429,S,1.0,1,False,False,False,True,False,False,False,False,True
674,0,3.0,Mr. Charles Wilson,male,34.5,0.0,0.0,258719,15.6219,C,1.0,1,False,False,False,True,False,False,False,False,True
675,0,2.0,Mr. George Moore,male,42.5,0.0,0.0,831058,24.835,S,1.0,1,False,False,False,False,False,False,False,False,True
676,1,3.0,Mr. James Brown,male,24.2,0.0,0.0,451719,0.6937,S,1.0,1,False,False,False,True,True,False,False,False,True
677,0,1.0,Mr. Charles Wilson,male,1.9,0.0,0.0,168621,69.16345,S,1.0,1,True,False,False,False,False,False,True,False,True
678,0,3.0,Mr. William Davis,male,27.5,0.0,0.0,546630,7.9684,S,1.0,1,False,False,False,True,False,True,False,False,True
679,1,3.0,Miss. Susan Jackson,female,49.3,0.0,0.0,832849,3.9569,S,1.0,1,False,False,False,False,True,False,False,False,True
680,1,3.0,Miss. Susan Jackson,female,33.8,2.5,0.0,741874,3.5979,S,3.5,0,False,False,False,True,True,False,False,False,False
681,1,1.0,Mr. William Davis,male,33.4,0.0,0.0,717609,55.4181,S,1.0,1,False,False,False,True,False,False,True,False,True
682,0,3.0,Mr. John Smith,male,14.3,1.0,0.0,849096,28.3254,S,2.0,0,False,False,True,False,False,False,False,True,False
683,0,3.0,Mr. Charles Wilson,male,12.8,0.0,0.0,773076,6.1799,C,1.0,1,False,False,True,False,False,True,False,False,True
684,1,1.0,Mr. William Davis,male,30.0,0.0,0.0,805265,69.16345,S,1.0,1,False,False,False,True,False,False,True,False,True
685,1,1.0,Mr. George Moore,male,9.0,1.0,0.0,857090,8.5539,S,2.0,0,True,False,False,False,False,True,False,True,False
686,0,1.0,Mr. Charles Wilson,male,41.0,0.0,0.0,515655,54.2952,S,1.0,1,False,False,False,False,False,False,True,False,True
687,0,3.0,Mr. Charles Wilson,male,27.5,1.0,0.0,240099,62.2678,C,2.0,0,False,False,False,True,False,False,True,True,False
688,0,3.0,Mr. John Smith,male,29.3,0.0,0.0,956977,19.1306,C,1.0,1,False,False,False,True,False,False,False,False,True
689,1,3.0,Mr. George Moore,male,2.4,0.0,0.0,928241,3.0731,S,1.0,1,True,False,False,False,True,False,False,False,True
690,0,1.0,Mrs. Patricia Taylor,female,24.0,0.0,0.0,891397,58.4669,S,1.0,1,False,False,False,True,False,False,True,False,True
691,0,2.0,Miss. Mary Johnson,female,35.4,0.0,0.0,974151,5.3217,C,1.0,1,False,False,False,False,True,False,False,False,True
692,0,3.0,Miss. Mary Johnson,female,0.4,1.0,0.0,860486,6.8496,S,2.0,0,True,False,False,False,False,True,False,True,False
693,0,3.0,Mr. James Brown,male,37.6,0.0,0.0,535587,19.6886,S,1.0,1,False,False,False,False,False,False,False,False,True
694,0,3.0,Mrs. Patricia Taylor,female,21.7,2.5,0.0,990785,19.1752,C,3.5,0,False,False,False,True,False,False,False,False,False
695,0,1.0,Mr. John Smith,male,46.1,2.5,0.0,259240,21.7477,S,3.5,0,False,False,False,False,False,False,False,False,False
696,0,3.0,Mrs. Barbara Thomas,female,35.9,0.0,0.0,338019,33.2009,Q,1.0,1,False,False,False,False,False,False,True,False,True
697,0,2.0,Mr. William Davis,male,23.7,0.0,0.0,698280,17.9576,C,1.0,1,False,False,False,True,False,False,False,False,True
698,0,2.0,Miss. Linda Anderson,female,41.4,1.0,0.0,458052,9.5583,S,2.0,0,False,False,False,False,False,True,False,True,False
699,0,3.0,Mr. John Smith,male,47.4,2.5,0.0,183453,9.0613,Q,3.5,0,False,False,False,False,False,True,False,False,False
700,0,3.0,Mrs. Barbara Thomas,female,31.7,0.0,0.0,515275,12.0776,S,1.0,1,False,False,False,True,False,True,False,False,True
701,0,3.0,Mrs. Patricia Taylor,female,12.5,0.0,0.0,386430,10.6695,S,1.0,1,False,False,True,False,False,True,False,False,True
702,0,1.0,Mr. John Smith,male,35.0,0.0,0.0,895162,55.9709,S,1.0,1,False,False,False,True,False,False,True,False,True
703,0,1.0,Mr. George Moore,male,25.6,1.0,0.0,328442,59.0572,S,2.0,0,False,False,False,True,False,False,True,True,False
704,0,3.0,Mrs. Barbara Thomas,female,28.6,0.0,0.0,952013,2.5231,S,1.0,1,False,False,False,True,True,False,False,False,True
705,0,3.0,Mr. George Moore,male,0.4,1.0,0.0,791798,21.7779,C,2.0,0,True,False,False,False,False,False,False,True,False
706,1,2.0,Miss. Susan Jackson,female,8.4,0.0,0.0,655323,15.6073,S,1.0,1,True,False,False,False,False,False,False,False,True
707,0,1.0,Mr. John Smith,male,23.5,0.0,0.0,183167,11.8023,S,1.0,1,False,False,False,True,False,True,False,False,True
708,1,1.0,Mr. Charles Wilson,male,44.7,0.0,0.0,454740,69.16345,S,1.0,1,False,False,False,False,False,False,True,False,True
709,0,3.0,Mr. George Moore,male,25.7,0.0,0.0,526030,35.0324,C,1.0,1,False,False,False,True,False,False,True,False,True
710,1,1.0,Mr. Charles Wilson,male,45.0,0.0,0.0,381969,69.16345,S,1.0,1,False,False,False,False,False,False,True,False,True
711,1,2.0,Miss. Linda Anderson,female,22.1,0.0,0.0,125637,9.2096,S,1.0,1,False,False,False,True,False,True,False,False,True
712,0,1.0,Mr. George Moore,male,1.2,0.0,0.0,271046,12.2324,S,1.0,1,True,False,False,False,False,True,False,False,True
713,0,2.0,Mr. George Moore,male,18.0,0.0,0.0,994413,14.6128,S,1.0,1,False,False,True,False,False,False,False,False,True
714,0,1.0,Mr. Charles Wilson,male,34.7,0.0,0.0,532222,10.0355,S,1.0,1,False,False,False,True,False,True,False,False,True
715,0,3.0,Mr. William Davis,male,25.6,2.5,0.0,869050,35.3328,S,3.5,0,False,False,False,True,False,False,True,False,False
716,1,1.0,Miss. Susan Jackson,female,11.5,0.0,0.0,35532,17.0374,S,1.0,1,True,False,False,False,False,False,False,False,True
717,1,3.0,Miss. Mary Johnson,female,24.6,0.0,0.0,118197,3.7879,S,1.0,1,False,False,False,True,True,False,False,False,True
718,1,1.0,Mr. Charles Wilson,male,61.95,0.0,0.0,140860,43.8436,Q,1.0,1,False,True,False,False,False,False,True,False,True
719,0,3.0,Mrs. Barbara Thomas,female,11.8,2.5,0.0,70285,6.281,S,3.5,0,True,False,False,False,False,True,False,False,False
720,1,3.0,Miss. Susan Jackson,female,39.3,0.0,0.0,815298,20.5803,S,1.0,1,False,False,False,False,False,False,False,False,True
721,1,3.0,Mr. William Davis,male,0.4,0.0,0.0,672953,7.9221,S,1.0,1,True,False,False,False,False,True,False,False,True
722,0,3.0,Miss. Susan Jackson,female,35.5,1.0,0.0,281639,2.4343,S,2.0,0,False,False,False,False,True,False,False,True,False
723,0,2.0,Mr. James Brown,male,22.7,0.0,0.0,256130,6.2179,S,1.0,1,False,False,False,True,False,True,False,False,True
724,1,2.0,Mr. George Moore,male,24.0,0.0,0.0,279981,14.2308,S,1.0,1,False,False,False,True,False,False,False,False,True
725,0,3.0,Mrs. Patricia Taylor,female,11.0,0.0,0.0,742068,2.0739,S,1.0,1,True,False,False,False,True,False,False,False,True
726,1,3.0,Mr. John Smith,male,33.9,0.0,0.0,946184,12.2962,S,1.0,1,False,False,False,True,False,True,False,False,True
727,0,3.0,Mrs. Barbara Thomas,female,16.5,0.0,0.0,524938,10.8437,S,1.0,1,False,False,True,False,False,True,False,False,True
728,1,3.0,Mrs. Barbara Thomas,female,19.3,1.0,0.0,982980,16.3049,C,2.0,0,False,False,False,True,False,False,False,True,False
729,0,3.0,Mr. William Davis,male,36.1,0.0,0.0,268750,36.0863,S,1.0,1,False,False,False,False,False,False,True,False,True
730,0,3.0,Miss. Susan Jackson,female,18.4,1.0,0.0,525046,31.6331,S,2.0,0,False,False,False,True,False,False,True,True,False
731,0,1.0,Mr. John Smith,male,35.2,0.0,0.0,302490,69.16345,S,1.0,1,False,False,False,False,False,False,True,False,True
732,1,3.0,Mr. James Brown,male,26.9,1.0,0.0,118621,3.6486,S,2.0,0,False,False,False,True,True,False,False,True,False
733,1,3.0,Mr. William Davis,male,30.7,0.0,0.0,295556,1.8338,S,1.0,1,False,False,False,True,True,False,False,False,True
734,0,1.0,Miss. Mary Johnson,female,36.2,0.0,0.0,491615,30.2343,S,1.0,1,False,False,False,False,False,False,False,False,True
735,0,3.0,Mr. John Smith,male,21.7,0.0,0.0,128833,29.3099,S,1.0,1,False,False,False,True,False,False,False,False,True
736,1,1.0,Mr. James Brown,male,25.0,2.5,0.0,434020,69.16345,S,3.5,0,False,False,False,True,False,False,True,False,False
737,0,3.0,Mrs. Patricia Taylor,female,22.0,0.0,0.0,75206,25.4969,S,1.0,1,False,False,False,True,False,False,False,False,True
738,1,1.0,Mrs. Barbara Thomas,female,47.0,0.0,0.0,20934,9.7905,Q,1.0,1,False,False,False,False,False,True,False,False,True
739,0,3.0,Miss. Susan Jackson,female,31.4,0.0,0.0,302867,38.2924,S,1.0,1,False,False,False,True,False,False,True,False,True
740,0,3.0,Mr. William Davis,male,17.4,0.0,0.0,924400,7.1569,S,1.0,1,False,False,True,False,False,True,False,False,True
741,0,2.0,Mr. George Moore,male,35.5,0.0,0.0,423621,0.1871,C,1.0,1,False,False,False,False,True,False,False,False,True
742,0,3.0,Mr. William Davis,male,36.5,0.0,0.0,684108,7.5933,S,1.0,1,False,False,False,False,False,True,False,False,True
743,1,3.0,Miss. Mary Johnson,female,37.2,0.0,0.0,736126,0.6131,S,1.0,1,False,False,False,False,True,False,False,False,True
744,0,3.0,Mr. James Brown,male,15.5,0.0,0.0,711773,10.2049,S,1.0,1,False,False,True,False,False,True,False,False,True
745,0,1.0,Mr. James Brown,male,19.8,0.0,0.0,949858,34.7195,S,1.0,1,False,False,False,True,False,False,True,False,True
746,1,2.0,Miss. Mary Johnson,female,19.9,0.0,0.0,918420,12.8276,S,1.0,1,False,False,False,True,False,True,False,False,True
747,0,1.0,Mr. John Smith,male,26.4,1.0,0.0,491891,69.16345,C,2.0,0,False,False,False,True,False,False,True,True,False
748,0,3.0,Miss. Linda Anderson,female,37.5,0.0,0.0,251630,26.4035,S,1.0,1,False,False,False,False,False,False,False,False,True
749,1,3.0,Miss. Mary Johnson,female,34.0,0.0,0.0,944892,14.0974,S,1.0,1,False,False,False,True,False,False,False,False,True
750,1,3.0,Miss. Linda Anderson,female,35.1,0.0,0.0,508577,7.4002,S,1.0,1,False,False,False,False,False,True,False,False,True
751,0,3.0,Mr. George Moore,male,49.3,2.5,0.0,570811,22.2511,C,3.5,0,False,False,False,False,False,False,False,False,False
752,1,3.0,Mr. James Brown,male,16.3,2.5,0.0,897582,30.6803,S,3.5,0,False,False,True,False,False,False,False,False,False
753,1,3.0,Mrs. Patricia Taylor,female,27.6,1.0,0.0,393094,1.6583,S,2.0,0,False,False,False,True,True,False,False,True,False
754,0,1.0,Mrs. Patricia Taylor,female,12.5,0.0,0.0,985197,63.7681,S,1.0,1,False,False,True,False,False,False,True,False,True
755,0,3.0,Miss. Susan Jackson,female,19.3,0.0,0.0,176804,4.3523,S,1.0,1,False,False,False,True,True,False,False,False,True
756,1,1.0,Mr. George Moore,male,25.9,0.0,0.0,575934,4.0492,S,1.0,1,False,False,False,True,True,False,False,False,True
757,1,3.0,Mrs. Barbara Thomas,female,41.7,0.0,0.0,686381,14.3555,S,1.0,1,False,False,False,False,False,False,False,False,True
758,0,3.0,Miss. Linda Anderson,female,29.3,0.0,0.0,234310,25.8193,Q,1.0,1,False,False,False,True,False,False,False,False,True
759,1,3.0,Miss. Linda Anderson,female,20.2,1.0,0.0,252024,2.3116,S,2.0,0,False,False,False,True,True,False,False,True,False
760,1,1.0,Mrs. Barbara Thomas,female,19.1,1.0,0.0,267476,69.16345,S,2.0,0,False,False,False,True,False,False,True,True,False
761,0,2.0,Mrs. Patricia Taylor,female,28.7,1.0,0.0,849208,38.4004,S,2.0,0,False,False,False,True,False,False,True,True,False
762,0,2.0,Mr. William Davis,male,42.6,0.0,0.0,291260,49.1475,S,1.0,1,False,False,False,False,False,False,True,False,True
763,0,2.0,Mr. William Davis,male,52.8,1.0,0.0,999513,6.1655,S,2.0,0,False,False,False,False,False,True,False,True,False
764,1,1.0,Mr. James Brown,male,26.7,0.0,0.0,122858,69.16345,S,1.0,1,False,False,False,True,False,False,True,False,True
765,0,3.0,Mr. John Smith,male,29.1,0.0,0.0,753631,5.0263,C,1.0,1,False,False,False,True,True,False,False,False,True
766,0,3.0,Mr. John Smith,male,12.1,1.0,0.0,503213,10.4483,S,2.0,0,False,False,True,False,False,True,False,True,False
767,1,2.0,Mr. Charles Wilson,male,57.8,0.0,0.0,86620,1.0366,S,1.0,1,False,False,False,False,True,False,False,False,True
768,1,2.0,Mr. George Moore,male,9.4,0.0,0.0,972275,0.8975,S,1.0,1,True,False,False,False,True,False,False,False,True
769,0,3.0,Mr. William Davis,male,46.7,0.0,0.0,431972,16.5659,S,1.0,1,False,False,False,False,False,False,False,False,True
770,1,3.0,Mr. William Davis,male,24.4,1.0,0.0,92604,7.6421,S,2.0,0,False,False,False,True,False,True,False,True,False
771,0,3.0,Mrs. Barbara Thomas,female,25.7,1.0,0.0,628740,3.8494,C,2.0,0,False,False,False,True,True,False,False,True,False
772,1,3.0,Mrs. Barbara Thomas,female,13.6,0.0,0.0,930423,2.746,Q,1.0,1,False,False,True,False,True,False,False,False,True
773,0,3.0,Mr. William Davis,male,61.95,1.0,0.0,819982,14.4108,S,2.0,0,False,True,False,False,False,False,False,True,False
774,0,3.0,Mrs. Patricia Taylor,female,32.9,0.0,0.0,177596,0.0052,S,1.0,1,False,False,False,True,True,False,False,False,True
775,1,3.0,Mr. James Brown,male,30.0,0.0,0.0,457822,21.3114,C,1.0,1,False,False,False,True,False,False,False,False,True
776,0,1.0,Mr. George Moore,male,42.6,1.0,0.0,734179,6.9356,S,2.0,0,False,False,False,False,False,True,False,True,False
777,0,3.0,Mr. William Davis,male,20.3,1.0,0.0,604515,2.7633,S,2.0,0,False,False,False,True,True,False,False,True,False
778,1,1.0,Mr. William Davis,male,29.7,2.5,0.0,295356,41.0042,S,3.5,0,False,False,False,True,False,False,True,False,False
779,1,3.0,Miss. Linda Anderson,female,30.5,0.0,0.0,312262,8.6231,C,1.0,1,False,False,False,True,False,True,False,False,True
780,1,2.0,Miss. Linda Anderson,female,22.3,0.0,0.0,825034,8.7699,S,1.0,1,False,False,False,True,False,True,False,False,True
781,1,3.0,Mr. Charles Wilson,male,47.1,0.0,0.0,551828,5.0272,C,1.0,1,False,False,False,False,True,False,False,False,True
782,0,3.0,Mr. John Smith,male,26.5,1.0,0.0,176901,43.1848,C,2.0,0,False,False,False,True,False,False,True,True,False
783,0,3.0,Mr. William Davis,male,7.2,0.0,0.0,197381,13.3386,S,1.0,1,True,False,False,False,False,True,False,False,True
784,0,3.0,Mr. John Smith,male,32.2,1.0,0.0,730763,0.3083,S,2.0,0,False,False,False,True,True,False,False,True,False
785,0,2.0,Mr. James Brown,male,33.3,0.0,0.0,867887,11.2486,C,1.0,1,False,False,False,True,False,True,False,False,True
786,1,1.0,Mr. George Moore,male,16.7,0.0,0.0,556565,69.16345,S,1.0,1,False,False,True,False,False,False,True,False,True
787,0,2.0,Mrs. Patricia Taylor,female,17.9,0.0,0.0,653421,7.1751,S,1.0,1,False,False,True,False,False,True,False,False,True
788,0,1.0,Miss. Linda Anderson,female,21.8,0.0,0.0,462889,8.3437,S,1.0,1,False,False,False,True,False,True,False,False,True
789,0,3.0,Mr. James Brown,male,47.4,0.0,0.0,262196,18.4653,S,1.0,1,False,False,False,False,False,False,False,False,True
790,1,2.0,Mrs. Barbara Thomas,female,22.6,1.0,0.0,945180,18.6288,S,2.0,0,False,False,False,True,False,False,False,True,False
791,0,3.0,Mr. John Smith,male,28.0,0.0,0.0,446060,10.9811,S,1.0,1,False,False,False,True,False,True,False,False,True
792,0,3.0,Mr. William Davis,male,20.8,0.0,0.0,992212,0.7158,S,1.0,1,False,False,False,True,True,False,False,False,True
793,0,3.0,Mr. Charles Wilson,male,34.4,0.0,0.0,806184,1.9682,C,1.0,1,False,False,False,True,True,False,False,False,True
794,0,1.0,Mr. John Smith,male,23.2,0.0,0.0,222620,69.16345,S,1.0,1,False,False,False,True,False,False,True,False,True
795,0,3.0,Mrs. Barbara Thomas,female,25.4,0.0,0.0,477927,3.0286,S,1.0,1,False,False,False,True,True,False,False,False,True
796,1,3.0,Mr. James Brown,male,13.5,0.0,0.0,443886,9.1172,S,1.0,1,False,False,True,False,False,True,False,False,True
797,1,3.0,Mr. William Davis,male,27.7,0.0,0.0,208675,10.2336,S,1.0,1,False,False,False,True,False,True,False,False,True
798,0,3.0,Mrs. Patricia Taylor,female,31.4,0.0,0.0,696838,4.334,S,1.0,1,False,False,False,True,True,False,False,False,True
799,1,3.0,Mr. George Moore,male,20.4,0.0,0.0,429655,38.5414,S,1.0,1,False,False,False,True,False,False,True,False,True
800,1,1.0,Miss. Linda Anderson,female,27.3,0.0,0.0,962251,69.16345,S,1.0,1,False,False,False,True,False,False,True,False,True
801,1,3.0,Mr. James Brown,male,51.9,0.0,0.0,781784,16.6592,S,1.0,1,False,False,False,False,False,False,False,False,True
802,0,2.0,Mr. William Davis,male,31.7,0.0,0.0,921764,1.6241,C,1.0,1,False,False,False,True,True,False,False,False,True
803,0,1.0,Mr. John Smith,male,19.5,0.0,0.0,433026,9.4244,S,1.0,1,False,False,False,True,False,True,False,False,True
804,0,2.0,Mr. William Davis,male,12.2,2.0,0.0,814734,13.5763,S,3.0,0,False,False,True,False,False,False,False,True,False
805,0,1.0,Mr. William Davis,male,37.0,1.0,0.0,338380,14.717,C,2.0,0,False,False,False,False,False,False,False,True,False
806,1,1.0,Miss. Mary Johnson,female,25.0,1.0,0.0,74467,69.16345,S,2.0,0,False,False,False,True,False,False,True,True,False
807,1,1.0,Mr. James Brown,male,39.8,0.0,0.0,374494,14.4978,Q,1.0,1,False,False,False,False,False,False,False,False,True
808,1,3.0,Miss. Linda Anderson,female,8.5,1.0,0.0,962345,8.6891,C,2.0,0,True,False,False,False,False,True,False,True,False
809,0,3.0,Mrs. Barbara Thomas,female,12.7,1.0,0.0,972217,5.8857,S,2.0,0,False,False,True,False,False,True,False,True,False
810,0,3.0,Miss. Linda Anderson,female,46.3,1.0,0.0,452762,13.2593,S,2.0,0,False,False,False,False,False,True,False,True,False
811,1,2.0,Mr. James Brown,male,34.5,0.0,0.0,790196,2.7631,S,1.0,1,False,False,False,True,True,False,False,False,True
812,1,2.0,Mr. John Smith,male,37.4,0.0,0.0,799480,11.2535,S,1.0,1,False,False,False,False,False,True,False,False,True
813,0,3.0,Mr. James Brown,male,15.7,1.0,0.0,783500,4.1753,C,2.0,0,False,False,True,False,True,False,False,True,False
814,1,2.0,Miss. Susan Jackson,female,33.5,0.0,0.0,960794,43.7408,S,1.0,1,False,False,False,True,False,False,True,False,True
815,1,1.0,Mr. William Davis,male,44.1,0.0,0.0,593194,3.4803,C,1.0,1,False,False,False,False,True,False,False,False,True
816,0,3.0,Mr. William Davis,male,44.8,0.0,0.0,348781,31.8532,C,1.0,1,False,False,False,False,False,False,True,False,True
817,0,1.0,Mr. John Smith,male,13.9,0.0,0.0,301922,69.16345,S,1.0,1,False,False,True,False,False,False,True,False,True
818,0,3.0,Mr. William Davis,male,23.3,0.0,0.0,168497,4.5917,S,1.0,1,False,False,False,True,True,False,False,False,True
819,0,3.0,Mr. Charles Wilson,male,28.1,0.0,0.0,772405,20.2446,S,1.0,1,False,False,False,True,False,False,False,False,True
820,0,1.0,Mr. Charles Wilson,male,18.1,0.0,0.0,748748,2.6637,S,1.0,1,False,False,False,True,True,False,False,False,True
821,1,1.0,Mrs. Patricia Taylor,female,17.8,0.0,0.0,130918,69.16345,S,1.0,1,False,False,True,False,False,False,True,False,True
822,0,3.0,Mr. John Smith,male,11.6,0.0,0.0,886468,9.7215,S,1.0,1,True,False,False,False,False,True,False,False,True
823,0,3.0,Mr. George Moore,male,22.9,0.0,0.0,461392,4.6979,S,1.0,1,False,False,False,True,True,False,False,False,True
824,0,1.0,Mr. James Brown,male,13.0,0.0,0.0,415890,37.8278,C,1.0,1,False,False,True,False,False,False,True,False,True
825,0,3.0,Mr. John Smith,male,13.8,1.0,0.0,465618,0.8933,S,2.0,0,False,False,True,False,True,False,False,True,False
826,1,1.0,Mr. John Smith,male,34.0,1.0,0.0,519325,69.16345,S,2.0,0,False,False,False,True,False,False,True,True,False
827,0,3.0,Mrs. Patricia Taylor,female,33.8,0.0,0.0,230979,0.5211,S,1.0,1,False,False,False,True,True,False,False,False,True
828,0,3.0,Mr. James Brown,male,36.7,0.0,0.0,960557,13.8312,C,1.0,1,False,False,False,False,False,False,False,False,True
829,1,2.0,Miss. Linda Anderson,female,5.8,0.0,0.0,782793,11.6943,S,1.0,1,True,False,False,False,False,True,False,False,True
830,0,1.0,Mr. George Moore,male,29.8,1.0,0.0,21957,69.16345,S,2.0,0,False,False,False,True,False,False,True,True,False
831,0,1.0,Mr. Charles Wilson,male,59.8,0.0,0.0,869076,23.7185,Q,1.0,1,False,False,False,False,False,False,False,False,True
832,0,2.0,Miss. Linda Anderson,female,24.3,0.0,0.0,981120,15.1895,S,1.0,1,False,False,False,True,False,False,False,False,True
833,0,1.0,Mr. John Smith,male,35.3,0.0,0.0,909726,55.3113,S,1.0,1,False,False,False,False,False,False,True,False,True
834,0,3.0,Mr. George Moore,male,31.4,0.0,0.0,27829,15.7765,S,1.0,1,False,False,False,True,False,False,False,False,True
835,0,1.0,Mr. George Moore,male,42.2,1.0,0.0,277981,5.9164,C,2.0,0,False,False,False,False,False,True,False,True,False
836,0,3.0,Mr. James Brown,male,32.1,1.0,0.0,467357,2.8003,S,2.0,0,False,False,False,True,True,False,False,True,False
837,1,3.0,Miss. Susan Jackson,female,37.9,0.0,0.0,156104,3.1397,S,1.0,1,False,False,False,False,True,False,False,False,True
838,0,3.0,Mr. George Moore,male,39.8,0.0,0.0,109770,17.4198,S,1.0,1,False,False,False,False,False,False,False,False,True
839,0,3.0,Miss. Mary Johnson,female,29.0,0.0,0.0,560640,2.7256,Q,1.0,1,False,False,False,True,True,False,False,False,True
840,1,2.0,Miss. Linda Anderson,female,13.5,0.0,0.0,40215,17.0425,S,1.0,1,False,False,True,False,False,False,False,False,True
841,0,3.0,Mr. George Moore,male,4.9,0.0,0.0,459535,3.151,S,1.0,1,True,False,False,False,True,False,False,False,True
842,1,3.0,Mrs. Patricia Taylor,female,29.1,0.0,0.0,529751,25.7112,Q,1.0,1,False,False,False,True,False,False,False,False,True
843,0,2.0,Mr. William Davis,male,25.8,0.0,0.0,740002,57.0103,S,1.0,1,False,False,False,True,False,False,True,False,True
844,1,1.0,Mrs. Patricia Taylor,female,38.3,0.0,0.0,313391,61.3901,Q,1.0,1,False,False,False,False,False,False,True,False,True
845,0,3.0,Mr. George Moore,male,13.7,2.0,0.0,663980,5.6464,Q,3.0,0,False,False,True,False,False,True,False,True,False
846,0,3.0,Miss. Linda Anderson,female,43.1,0.0,0.0,708408,3.4664,C,1.0,1,False,False,False,False,True,False,False,False,True
847,0,1.0,Mr. George Moore,male,22.4,1.0,0.0,784474,4.2893,S,2.0,0,False,False,False,True,True,False,False,True,False
848,1,2.0,Mr. John Smith,male,22.6,1.0,0.0,216604,6.2532,S,2.0,0,False,False,False,True,False,True,False,True,False
849,0,2.0,Mr. William Davis,male,17.6,0.0,0.0,601002,21.24,C,1.0,1,False,False,True,False,False,False,False,False,True
850,0,3.0,Mrs. Patricia Taylor,female,29.5,1.0,0.0,307463,9.9157,Q,2.0,0,False,False,False,True,False,True,False,True,False
851,0,3.0,Mr. John Smith,male,33.0,0.0,0.0,653346,37.4808,S,1.0,1,False,False,False,True,False,False,True,False,True
852,1,3.0,Mr. Charles Wilson,male,54.5,0.0,0.0,288169,6.5603,C,1.0,1,False,False,False,False,False,True,False,False,True
853,0,1.0,Mrs. Patricia Taylor,female,28.8,0.0,0.0,19780,69.16345,S,1.0,1,False,False,False,True,False,False,True,False,True
854,1,2.0,Miss. Susan Jackson,female,2.9,2.5,0.0,819138,13.4403,S,3.5,0,True,False,False,False,False,True,False,False,False
855,0,3.0,Mrs. Patricia Taylor,female,41.0,0.0,0.0,708276,9.3421,S,1.0,1,False,False,False,False,False,True,False,False,True
856,0,1.0,Mrs. Barbara Thomas,female,6.1,0.0,0.0,85503,26.18,C,1.0,1,True,False,False,False,False,False,False,False,True
857,0,2.0,Mrs. Patricia Taylor,female,21.5,2.0,0.0,171928,12.1376,S,3.0,0,False,False,False,True,False,True,False,True,False
858,0,3.0,Miss. Mary Johnson,female,26.2,0.0,0.0,899598,8.2727,S,1.0,1,False,False,False,True,False,True,False,False,True
859,0,1.0,Mr. James Brown,male,31.5,1.0,0.0,19179,69.16345,Q,2.0,0,False,False,False,True,False,False,True,True,False
860,0,3.0,Mr. William Davis,male,29.3,1.0,0.0,703983,36.7138,S,2.0,0,False,False,False,True,False,False,True,True,False
861,1,1.0,Mrs. Barbara Thomas,female,25.7,1.0,0.0,682947,33.5551,S,2.0,0,False,False,False,True,False,False,True,True,False
862,0,1.0,Mr. James Brown,male,40.1,2.5,0.0,689093,3.6218,S,3.5,0,False,False,False,False,True,False,False,False,False
863,0,2.0,Mr. Charles Wilson,male,42.1,2.5,0.0,791570,13.7153,S,3.5,0,False,False,False,False,False,False,False,False,False
864,0,3.0,Mr. John Smith,male,47.8,0.0,0.0,491522,10.2216,S,1.0,1,False,False,False,False,False,True,False,False,True
865,0,3.0,Miss. Linda Anderson,female,57.4,1.0,0.0,633711,2.3979,Q,2.0,0,False,False,False,False,True,False,False,True,False
866,0,3.0,Mr. George Moore,male,41.4,0.0,0.0,133076,18.5777,S,1.0,1,False,False,False,False,False,False,False,False,True
867,0,3.0,Mr. James Brown,male,26.6,0.0,0.0,145047,54.5349,C,1.0,1,False,False,False,True,False,False,True,False,True
868,0,1.0,Mr. John Smith,male,42.2,0.0,0.0,264477,69.16345,S,1.0,1,False,False,False,False,False,False,True,False,True
869,1,3.0,Mr. Charles Wilson,male,36.5,0.0,0.0,743815,2.8539,S,1.0,1,False,False,False,False,True,False,False,False,True
870,1,3.0,Mr. Charles Wilson,male,21.5,2.5,0.0,347282,27.0706,S,3.5,0,False,False,False,True,False,False,False,False,False
871,0,3.0,Mr. John Smith,male,32.0,1.0,0.0,710823,15.8478,S,2.0,0,False,False,False,True,False,False,False,True,False
872,0,1.0,Mr. James Brown,male,16.5,0.0,0.0,183226,50.8078,S,1.0,1,False,False,True,False,False,False,True,False,True
873,1,3.0,Miss. Susan Jackson,female,14.8,0.0,0.0,216748,10.1122,S,1.0,1,False,False,True,False,False,True,False,False,True
874,0,1.0,Mr. James Brown,male,28.3,0.0,0.0,521559,69.16345,S,1.0,1,False,False,False,True,False,False,True,False,True
875,0,2.0,Miss. Linda Anderson,female,31.9,1.0,0.0,620994,13.0837,S,2.0,0,False,False,False,True,False,True,False,True,False
876,0,3.0,Mrs. Patricia Taylor,female,19.8,1.0,0.0,126905,6.0728,S,2.0,0,False,False,False,True,False,True,False,True,False
877,1,3.0,Mr. William Davis,male,35.8,0.0,0.0,38830,8.8365,S,1.0,1,False,False,False,False,False,True,False,False,True
878,1,2.0,Mrs. Barbara Thomas,female,59.9,0.0,0.0,906508,17.3086,Q,1.0,1,False,False,False,False,False,False,False,False,True
879,0,2.0,Mr. William Davis,male,4.4,0.0,0.0,475342,4.1917,S,1.0,1,True,False,False,False,True,False,False,False,True
880,0,3.0,Miss. Susan Jackson,female,38.1,0.0,0.0,974249,30.0521,S,1.0,1,False,False,False,False,False,False,False,False,True
881,0,3.0,Mr. John Smith,male,28.7,2.0,0.0,302753,14.5786,Q,3.0,0,False,False,False,True,False,False,False,True,False
882,1,3.0,Miss. Linda Anderson,female,27.1,0.0,0.0,551689,13.0406,C,1.0,1,False,False,False,True,False,True,False,False,True
883,0,3.0,Mr. James Brown,male,23.5,0.0,0.0,430945,1.3624,S,1.0,1,False,False,False,True,True,False,False,False,True
884,0,3.0,Mr. William Davis,male,27.6,0.0,0.0,899912,12.0481,S,1.0,1,False,False,False,True,False,True,False,False,True
885,1,2.0,Mr. Charles Wilson,male,36.7,0.0,0.0,128278,2.5785,S,1.0,1,False,False,False,False,True,False,False,False,True
886,0,3.0,Miss. Linda Anderson,female,25.3,2.5,0.0,710527,1.0656,S,3.5,0,False,False,False,True,True,False,False,False,False
887,1,2.0,Miss. Susan Jackson,female,7.7,0.0,0.0,235253,14.9863,C,1.0,1,True,False,False,False,False,False,False,False,True
888,0,2.0,Mr. William Davis,male,26.3,0.0,0.0,853823,10.3096,C,1.0,1,False,False,False,True,False,True,False,False,True
889,0,3.0,Mr. George Moore,male,9.2,0.0,0.0,660831,11.5531,S,1.0,1,True,False,False,False,False,True,False,False,True
890,0,1.0,Mr. James Brown,male,39.2,1.0,0.0,925318,7.8503,Q,2.0,0,False,False,False,False,False,True,False,True,False
891,1,3.0,Mrs. Barbara Thomas,female,28.5,0.0,0.0,628871,7.33,S,1.0,1,False,False,False,True,False,True,False,False,True
